login_hour,session_duration,request_frequency,failed_login_count,packet_size_avg,bytes_transferred,port_number,protocol_encoded,device_trust_score
15,23.64,18.22,0,716.91,3.33,443,0,91.13
13,23.2,21.95,0,532.73,3.39,443,0,93.67
16,3.07,19.03,0,412.24,2.66,8080,0,86.96
20,25.05,26.1,0,572.91,4.21,80,0,92.55
13,40.99,36.97,0,928.49,20.53,443,0,94.72
13,10.89,17.29,0,545.69,7.04,443,0,92.0
20,45.73,35.01,0,731.95,2.75,443,0,76.55
17,37.32,17.18,0,1189.34,4.85,443,0,91.72
12,18.99,16.52,0,790.17,1.12,443,0,100.0
16,27.88,33.19,0,868.51,23.44,443,0,92.41
12,53.97,34.22,0,610.79,5.25,443,0,91.37
12,41.0,33.51,0,1232.69,39.32,443,0,100.0
14,30.13,11.84,0,691.74,4.27,443,0,82.54
6,26.43,20.34,0,754.38,18.1,22,0,98.9
7,31.15,33.23,0,1063.41,2.96,22,1,84.7
11,22.32,25.42,0,763.65,0.79,443,0,100.0
9,1.57,14.26,0,809.58,0.32,443,0,97.98
15,60.63,29.58,0,743.66,9.32,443,0,85.88
10,32.33,17.85,0,745.03,3.73,80,0,87.34
8,35.97,42.95,0,874.1,5.86,8080,0,99.78
19,29.13,40.45,0,910.59,17.07,80,0,71.45
13,18.97,31.04,0,671.35,2.85,443,0,85.58
14,27.21,38.61,0,646.78,3.69,443,0,96.2
8,6.01,25.65,0,678.17,18.67,443,0,86.92
11,64.16,32.65,0,519.75,6.79,443,0,91.35
14,11.48,39.78,0,481.91,17.58,443,1,69.59
9,14.52,27.45,0,859.43,4.69,443,0,81.46
15,23.4,22.45,0,987.72,5.08,80,0,96.79
11,49.32,7.95,0,974.21,1.83,80,0,82.49
12,30.22,24.17,0,323.6,24.81,443,0,76.98
11,11.46,33.23,0,750.99,22.71,22,0,100.0
21,48.82,34.46,0,579.58,41.49,443,0,95.16
13,40.97,30.04,0,828.75,5.15,22,0,79.11
9,38.08,19.59,1,716.44,17.07,22,0,91.39
17,40.74,5.23,0,918.38,5.36,443,0,79.44
9,65.92,20.05,0,796.17,6.06,443,0,88.48
14,62.78,21.96,0,420.8,17.72,443,0,91.76
6,19.7,21.87,0,606.58,1.95,80,0,81.92
8,54.36,31.19,0,801.16,2.49,443,0,97.42
14,35.75,44.86,0,818.02,3.78,22,0,98.97
16,37.49,26.24,1,518.86,15.52,443,0,92.64
14,4.62,22.83,0,492.71,4.66,443,1,94.14
13,27.44,22.41,1,811.25,4.43,8080,0,75.47
12,17.81,26.24,0,519.27,67.39,443,0,100.0
8,42.42,16.72,0,466.27,4.84,443,1,89.09
11,46.07,26.2,0,710.97,2.85,443,1,80.65
12,1.12,29.51,0,702.31,9.76,443,0,91.46
18,29.67,27.1,0,624.32,16.19,443,1,97.45
15,46.83,29.58,1,659.25,0.72,443,0,95.12
6,27.2,29.34,0,802.77,9.65,443,0,79.15
15,40.94,7.28,0,655.97,0.36,80,0,97.58
12,35.27,31.37,0,814.14,7.47,443,0,89.39
11,35.12,18.29,0,723.91,2.97,80,0,95.01
16,25.93,14.04,0,833.53,3.66,443,0,81.98
18,11.75,13.96,0,975.64,6.29,443,0,100.0
17,13.18,29.34,0,967.85,26.19,443,0,91.83
10,40.64,22.77,0,1057.64,12.4,443,0,100.0
12,30.29,8.18,0,967.63,27.62,443,0,74.65
15,27.92,29.78,0,847.71,10.79,443,1,75.99
17,23.64,10.6,0,713.31,0.07,8080,0,87.6
12,25.42,26.4,0,722.45,3.09,443,0,100.0
13,45.7,27.38,0,624.44,23.62,443,0,100.0
9,24.97,33.86,2,800.91,10.31,443,0,81.12
9,9.88,42.82,1,939.48,39.98,80,1,90.53
17,41.15,11.35,0,654.87,1.7,443,0,91.55
19,26.93,24.48,3,792.56,3.52,80,0,97.18
13,30.47,22.24,0,664.53,4.5,443,0,98.85
18,54.11,29.34,0,841.87,3.95,443,1,78.86
15,29.69,27.16,0,690.12,2.9,443,1,90.65
11,34.34,21.47,1,652.1,5.86,80,0,69.91
15,12.32,20.59,0,664.01,10.28,443,0,98.11
20,26.7,13.84,0,900.67,3.73,443,0,86.61
13,39.14,34.88,0,780.65,0.83,443,0,77.95
20,6.67,29.59,0,714.32,12.33,443,0,93.33
3,33.01,34.18,0,852.28,6.14,443,0,86.3
17,31.51,21.9,0,717.1,8.13,443,0,100.0
14,30.62,18.43,0,1025.3,6.08,443,1,81.07
12,45.56,14.22,0,605.23,22.11,8080,0,100.0
14,35.02,28.59,0,762.61,8.18,443,1,98.55
6,52.17,14.6,0,519.05,25.68,443,0,100.0
13,15.1,43.49,0,730.63,7.15,443,0,79.71
15,32.04,11.92,0,464.07,3.46,80,0,100.0
19,31.27,27.74,0,949.26,4.39,443,1,77.87
11,13.96,40.67,0,953.3,7.38,443,0,87.9
10,44.34,30.99,0,956.83,7.55,443,0,100.0
11,64.87,26.76,0,805.77,11.63,443,0,95.07
17,29.74,15.32,1,624.03,2.54,443,0,77.61
15,37.58,11.18,0,639.93,10.75,443,0,100.0
11,31.27,32.7,0,1106.03,15.08,443,0,93.4
16,19.3,40.06,0,1087.14,11.29,80,0,85.84
14,2.69,20.61,0,824.51,6.57,80,0,74.58
17,19.41,13.61,0,696.87,47.89,443,0,94.35
11,9.12,0.42,0,1073.72,5.19,443,1,88.37
12,55.56,15.19,0,661.1,1.13,22,0,91.56
12,28.27,23.86,1,845.77,17.23,80,0,74.15
8,24.81,40.99,0,1070.39,2.39,443,0,85.81
15,43.34,31.73,0,632.73,12.49,443,0,94.8
15,13.17,28.05,0,965.84,1.97,22,0,100.0
14,18.5,21.0,0,904.11,0.17,443,0,87.95
13,31.02,19.17,0,792.1,1.74,80,1,100.0
8,45.43,39.06,0,601.31,4.73,443,1,97.87
12,37.53,27.01,0,655.11,1.13,443,0,92.34
12,33.72,3.97,0,857.89,2.2,443,0,79.88
10,31.17,18.26,0,515.33,14.47,443,0,80.3
13,36.0,16.42,0,826.15,14.69,443,0,96.18
15,33.02,19.54,0,908.21,17.01,80,0,84.74
21,14.55,30.63,0,997.04,18.4,443,0,83.85
14,30.69,23.93,0,520.33,5.45,80,0,88.19
15,13.89,24.23,0,1063.25,20.22,443,0,88.36
13,31.22,38.13,0,1139.07,7.46,443,0,99.01
6,22.79,18.04,1,882.03,6.36,443,0,84.95
13,68.09,43.64,0,592.39,12.68,22,0,98.01
14,29.4,18.29,0,734.38,2.41,443,0,94.4
23,8.94,25.89,0,790.48,15.58,443,0,73.26
13,27.99,22.19,0,854.09,5.61,8080,0,92.95
15,37.79,26.23,0,804.4,1.36,443,0,63.32
13,55.1,29.45,0,856.23,1.27,80,0,81.05
9,21.16,29.34,0,781.85,1.8,80,0,94.63
18,6.26,17.47,2,853.02,22.12,443,0,89.89
17,42.25,13.77,0,707.9,47.04,443,0,72.32
17,9.29,50.03,0,732.36,4.42,8080,0,78.81
10,23.46,20.16,0,684.79,3.46,443,0,63.91
19,26.14,31.99,0,1183.45,2.47,443,0,76.57
8,28.96,8.92,0,1092.78,17.36,443,0,95.79
16,40.34,22.2,0,911.06,2.35,443,0,84.43
22,19.75,23.73,0,1065.06,25.78,80,0,91.7
10,25.89,29.73,0,959.69,11.01,22,0,90.14
11,29.79,2.22,0,836.25,22.74,22,0,90.33
14,32.24,26.66,0,498.89,8.07,22,0,100.0
11,31.47,13.5,0,747.57,11.73,443,0,87.97
7,36.54,28.24,0,732.99,9.66,80,0,99.11
14,42.66,14.64,0,573.38,17.79,443,0,65.23
9,35.89,16.45,0,502.77,18.07,443,0,100.0
15,36.8,22.26,2,898.54,8.91,80,0,77.1
10,6.27,14.48,0,864.9,10.01,443,0,79.27
20,30.75,20.24,0,566.52,25.49,22,0,82.95
10,37.19,13.07,1,650.82,26.57,443,0,100.0
12,40.93,6.67,0,1032.24,10.91,80,0,81.11
17,19.61,35.18,2,624.46,0.08,443,1,83.44
9,20.11,12.04,0,834.16,1.1,443,0,80.38
14,21.39,23.21,0,762.04,19.52,443,0,92.55
19,38.05,32.53,0,901.27,0.89,443,0,97.44
7,45.51,18.85,0,628.78,2.4,443,0,100.0
14,23.89,16.75,0,818.02,2.62,22,1,100.0
15,43.62,27.26,0,833.74,9.17,443,0,96.5
17,31.85,36.18,0,846.04,8.6,443,0,93.66
9,28.14,13.31,0,815.81,3.42,443,0,77.83
8,26.83,23.5,0,868.92,2.33,443,0,100.0
16,41.2,7.68,1,1238.35,14.46,443,1,92.15
15,34.88,21.07,0,1312.26,27.4,443,1,87.11
15,64.14,25.34,2,672.16,0.54,443,0,93.88
15,17.22,16.45,0,336.35,1.43,80,0,83.64
11,37.77,20.43,0,919.1,10.28,443,1,66.62
14,22.06,10.92,0,837.25,16.32,443,0,95.72
15,16.96,25.77,0,1012.21,15.66,443,0,100.0
11,29.84,35.56,0,856.98,12.72,443,0,95.57
21,32.06,14.03,0,811.72,21.84,80,0,89.93
15,73.77,18.77,0,1025.78,2.45,443,0,90.13
9,27.24,30.03,0,1053.76,1.13,443,0,91.72
16,13.05,37.12,1,522.69,9.55,443,0,91.42
10,34.1,10.07,0,636.68,17.28,22,0,89.39
17,1.12,23.31,0,778.88,8.72,443,0,90.25
18,28.62,27.83,0,819.69,32.97,443,0,100.0
10,30.24,23.98,0,754.8,15.88,443,0,94.72
17,41.92,0.23,1,886.84,12.07,443,0,91.05
15,44.6,30.01,0,999.22,0.62,443,0,96.59
17,22.45,40.19,0,1144.54,1.14,8080,0,96.59
21,27.74,26.17,0,915.78,15.36,443,0,99.46
13,18.51,14.69,0,629.53,2.21,80,0,82.43
10,13.08,19.87,0,770.52,0.29,443,0,85.19
10,34.65,42.7,0,784.93,24.16,443,0,81.86
10,10.9,34.1,0,902.93,22.15,8080,0,97.67
13,23.78,31.4,0,877.63,2.47,443,0,97.18
15,15.07,28.56,0,1210.08,15.15,443,0,77.27
15,38.25,18.39,0,707.7,0.49,22,1,93.91
17,57.02,22.99,0,876.95,3.36,22,0,100.0
14,10.48,24.22,0,1270.94,9.77,80,0,87.65
19,2.2,30.5,0,682.96,14.4,80,0,93.14
12,28.13,40.09,0,829.03,0.1,443,0,97.3
23,30.24,36.18,0,611.02,3.95,443,0,76.79
16,33.28,10.81,0,816.42,2.41,80,0,91.52
10,23.31,27.24,1,643.96,67.09,8080,0,100.0
9,26.99,32.37,0,1009.36,11.12,443,0,84.07
15,35.51,31.19,0,829.46,5.2,443,0,98.32
13,45.61,18.71,0,612.92,0.79,443,1,90.27
16,0.67,54.14,0,968.11,9.13,443,0,83.25
15,24.47,12.23,0,835.93,10.26,443,0,89.03
13,33.21,14.17,0,990.56,16.95,80,1,84.74
10,16.23,27.34,0,570.47,3.4,443,0,81.12
7,55.97,46.17,0,873.76,39.86,443,0,87.46
12,20.47,16.64,0,954.67,5.79,443,0,90.68
17,29.38,22.34,0,715.32,3.51,443,0,88.34
14,38.34,35.77,1,548.2,4.28,443,0,87.35
9,21.13,24.82,3,791.68,7.33,443,0,92.26
14,2.3,21.65,1,1045.62,27.6,443,0,95.31
15,23.57,30.66,0,1025.19,13.29,443,0,78.56
10,45.44,27.73,0,714.31,8.61,443,0,87.48
14,24.95,35.3,0,543.38,1.78,443,0,70.26
14,17.3,37.91,0,713.76,1.62,8080,0,88.38
9,43.89,28.07,0,706.3,6.98,80,0,91.51
15,25.04,27.92,0,889.29,13.05,80,1,95.7
16,22.35,27.14,2,779.0,13.9,443,0,91.54
18,32.24,29.89,0,649.35,2.56,443,0,95.48
18,41.56,25.55,0,1020.85,1.05,443,0,90.65
8,65.73,24.99,0,828.09,4.85,80,0,83.24
10,42.41,36.97,2,887.08,25.03,443,0,78.84
16,47.4,40.16,0,455.0,7.88,80,0,87.37
16,22.41,9.92,0,315.15,3.86,443,1,82.34
16,14.61,25.1,0,512.49,3.91,443,0,88.8
23,30.93,18.11,0,703.89,1.42,443,0,85.08
16,31.61,21.89,0,915.27,6.41,80,0,94.19
18,13.82,29.03,0,331.55,15.67,443,0,90.49
17,27.37,31.69,0,1118.57,34.6,443,0,94.47
16,35.99,23.88,0,834.11,6.96,22,1,94.42
12,35.41,5.87,0,1072.06,1.83,443,0,88.2
17,37.56,15.35,0,622.81,11.49,443,0,88.82
10,34.36,33.96,1,900.77,14.14,443,0,95.02
13,22.39,2.4,2,817.04,0.74,443,0,100.0
12,22.29,36.87,0,963.54,18.98,443,0,80.11
14,12.02,30.21,1,753.24,17.68,80,1,90.42
23,56.77,38.16,0,894.64,6.4,443,1,78.04
6,30.2,23.01,0,1020.44,8.22,80,0,89.79
16,26.63,4.39,0,669.76,12.5,443,0,83.26
7,16.07,29.3,0,848.45,11.29,443,0,88.8
12,74.03,37.75,0,422.43,0.17,8080,0,91.55
18,13.9,34.25,0,940.5,1.31,443,0,85.11
14,23.57,18.37,0,1190.93,1.77,80,0,72.16
9,36.24,25.87,0,551.11,14.09,80,0,100.0
11,39.0,19.67,0,781.72,5.8,443,0,98.39
16,44.37,16.81,0,976.1,7.89,443,0,88.69
11,57.11,34.55,0,806.28,14.81,443,0,81.05
14,37.59,13.02,3,833.02,4.17,22,1,90.85
14,14.16,16.06,0,721.8,13.82,443,0,93.61
11,26.15,13.96,1,714.37,5.84,443,1,97.7
22,34.62,10.1,0,782.66,4.73,443,0,98.62
16,61.02,26.46,0,808.33,4.05,443,0,100.0
5,9.03,36.62,0,563.71,33.51,443,1,72.59
14,48.04,23.15,0,786.8,14.78,443,0,86.95
11,32.7,9.94,0,1113.71,0.2,8080,0,99.93
17,42.57,33.4,0,716.17,31.56,443,0,80.76
10,28.47,41.86,0,552.55,14.94,443,0,100.0
13,17.36,18.54,0,769.72,1.62,443,1,100.0
16,41.26,20.21,0,657.08,0.79,80,0,100.0
17,39.82,30.16,0,532.33,3.68,443,0,96.62
9,44.58,41.22,0,827.83,9.79,443,0,85.52
12,29.8,19.8,0,657.94,9.59,443,0,92.82
12,21.0,11.68,0,675.06,3.23,443,0,76.54
11,6.62,31.31,0,830.69,5.9,443,0,82.19
21,42.29,32.99,1,493.37,2.38,443,0,82.89
15,36.36,25.06,1,451.69,0.52,443,0,90.62
8,15.51,19.42,0,934.17,7.28,443,0,86.08
17,21.92,34.94,0,413.83,4.26,80,0,92.62
22,23.0,30.28,0,604.66,7.83,443,1,98.78
18,7.76,17.32,0,440.03,29.28,22,0,82.9
7,17.73,25.49,3,702.77,1.55,443,0,91.49
12,12.99,11.48,3,885.61,0.02,80,0,85.84
19,23.81,31.86,0,822.47,0.8,443,0,91.9
11,18.92,22.38,0,1278.37,6.21,443,0,96.86
15,5.59,20.64,1,1017.38,12.27,80,0,99.21
17,60.34,24.67,0,613.77,8.69,443,0,96.7
10,48.79,25.4,0,560.59,6.83,443,0,94.14
13,18.31,33.95,0,1341.34,4.37,80,1,75.8
1,34.09,30.91,0,1012.51,3.71,80,0,79.19
9,36.26,23.44,0,917.87,4.72,443,0,81.76
12,47.87,32.64,0,814.97,9.46,443,0,93.59
9,17.72,29.01,0,854.7,1.84,443,0,77.09
20,46.38,20.73,0,503.59,14.76,22,0,93.38
8,21.78,23.75,0,831.41,8.56,443,0,92.64
12,9.96,23.52,0,814.25,3.14,80,0,70.64
14,40.86,30.05,0,619.17,6.95,443,0,79.12
19,49.36,21.33,0,692.29,32.91,443,0,100.0
8,68.82,21.1,3,1103.04,0.21,443,0,96.97
18,12.0,44.69,0,774.97,2.23,443,0,81.5
14,40.48,34.4,0,1214.23,5.95,443,0,79.65
10,23.85,17.39,1,451.86,10.17,443,0,65.5
15,41.75,30.71,0,695.57,2.39,443,0,100.0
14,7.94,26.18,0,490.54,26.8,443,0,90.41
11,11.06,28.92,0,558.12,10.29,443,0,100.0
14,18.36,26.37,0,634.36,20.99,443,0,88.08
12,31.18,36.9,0,863.06,3.99,80,0,92.83
14,20.38,28.46,0,853.37,17.66,443,0,98.91
16,39.89,24.38,3,664.14,4.75,443,0,100.0
20,45.4,35.42,0,354.44,2.91,8080,0,95.01
9,38.99,27.33,0,1095.54,24.27,443,1,90.02
22,54.28,26.21,0,742.85,0.97,22,1,90.28
6,36.24,28.14,0,576.74,28.63,443,0,79.54
13,11.75,24.06,1,854.99,6.13,443,0,86.18
16,50.45,25.09,0,840.89,49.1,443,0,90.51
15,20.92,19.13,0,735.46,7.76,443,0,100.0
11,43.66,17.49,0,829.71,14.17,443,0,85.7
13,53.61,15.01,0,568.99,0.07,443,0,100.0
12,36.85,11.08,1,951.98,6.87,80,0,89.18
11,7.56,16.2,0,600.63,13.37,443,0,100.0
17,16.23,23.26,0,678.89,15.27,443,0,96.77
15,49.84,26.03,0,929.76,1.72,443,1,96.09
11,27.46,22.29,0,1040.79,5.43,80,0,99.79
17,31.19,1.44,0,1117.15,5.43,443,0,98.33
15,41.38,40.75,0,1011.16,1.09,443,0,100.0
17,40.44,35.86,0,735.19,5.85,80,0,100.0
16,34.18,29.46,0,491.79,16.46,8080,0,100.0
10,26.87,44.07,0,1081.01,3.57,443,0,94.66
11,25.31,15.23,3,1074.14,5.67,22,0,85.58
16,42.87,43.88,0,665.6,32.43,443,0,93.66
16,38.3,15.35,0,984.24,0.32,22,0,70.74
13,26.14,27.39,1,733.56,8.95,443,0,98.29
14,46.23,12.26,0,1100.26,13.6,80,0,79.4
19,28.06,25.15,0,697.03,14.31,80,0,100.0
11,17.23,28.86,0,1195.73,12.59,443,0,100.0
16,18.62,23.45,0,957.22,12.96,443,0,75.49
13,15.32,32.14,0,1159.51,0.61,443,0,89.5
13,25.91,25.99,0,707.24,7.64,443,0,79.36
18,48.51,19.78,0,881.01,15.28,443,0,72.72
17,17.92,19.33,3,606.14,0.99,8080,0,88.94
17,32.83,33.11,0,968.8,0.12,443,1,96.35
19,20.15,18.46,0,979.81,16.85,443,0,97.54
14,26.1,34.15,0,1279.4,12.46,443,0,91.54
16,7.35,37.23,0,896.41,5.31,443,0,73.36
12,26.69,8.31,0,944.82,28.2,443,0,91.23
15,27.09,36.33,0,705.83,14.55,443,0,75.07
13,38.1,45.6,0,908.28,34.38,80,0,75.73
14,33.35,27.52,0,724.02,26.5,80,0,80.03
16,12.02,30.99,0,823.17,6.56,80,0,100.0
10,46.26,35.37,0,834.9,14.05,80,0,95.45
22,33.15,22.25,0,729.54,11.06,443,0,93.23
9,32.98,26.82,0,812.59,16.68,80,0,81.37
9,29.86,11.86,2,724.94,15.5,443,0,86.12
18,22.23,26.39,0,724.05,1.66,443,0,76.3
17,33.27,29.98,2,1015.33,2.66,443,0,100.0
16,37.13,30.16,2,835.08,3.09,443,0,100.0
16,3.8,35.65,3,869.41,17.06,443,0,95.57
13,21.92,17.25,0,508.54,16.65,443,0,97.32
10,26.18,19.67,1,884.69,6.84,443,0,88.41
14,33.84,43.96,0,906.08,8.69,443,0,73.81
11,47.9,23.5,0,720.33,17.54,80,0,81.56
17,18.42,27.0,0,1217.01,3.75,443,0,85.35
13,22.53,24.33,1,342.15,0.51,22,0,86.15
10,22.31,16.78,0,956.87,6.59,443,0,83.85
12,17.98,41.24,0,942.56,24.5,443,0,90.48
15,24.79,19.72,0,908.32,15.63,443,0,81.5
11,41.56,13.73,0,835.24,4.57,8080,0,100.0
10,14.19,20.49,0,910.14,0.67,443,0,76.35
14,36.42,4.98,0,973.64,10.13,443,0,98.87
14,4.47,18.49,0,654.82,17.99,443,0,87.38
11,21.58,15.32,1,859.84,10.93,443,0,94.63
12,25.06,31.17,0,763.34,5.54,443,0,95.08
14,55.12,18.27,2,581.25,1.32,80,0,91.57
8,25.88,33.88,0,943.43,24.17,443,0,78.67
8,3.02,38.98,0,687.13,3.23,443,0,86.68
11,0.02,32.81,0,500.43,2.54,443,0,91.69
13,30.51,22.85,0,692.18,16.93,443,0,91.06
15,39.21,26.41,0,640.22,39.75,22,0,79.77
19,35.63,9.75,0,1005.7,10.79,80,0,100.0
17,32.51,23.66,0,830.64,9.8,443,0,65.06
13,47.43,16.4,0,1076.48,3.85,443,0,87.5
13,21.91,31.94,0,666.69,0.21,22,0,80.79
9,43.42,50.73,0,974.83,2.13,443,0,91.82
13,5.52,30.0,0,1367.92,8.78,443,0,100.0
12,16.43,5.09,0,871.21,1.64,22,0,75.93
15,2.89,21.39,0,972.33,21.53,443,0,100.0
10,25.88,26.22,3,938.7,2.08,443,0,92.02
16,29.31,25.87,0,515.58,7.38,443,0,93.82
20,31.71,17.69,0,917.16,7.17,22,0,75.6
13,30.93,27.45,0,861.29,9.26,443,0,89.53
15,16.09,12.57,0,748.05,3.97,443,1,99.72
16,27.15,15.55,0,623.19,20.68,80,0,92.1
12,7.54,31.46,0,938.8,5.88,80,0,91.4
14,50.45,14.84,0,605.52,12.04,443,0,89.48
14,25.45,30.38,0,1226.73,10.1,443,0,76.22
14,22.67,11.31,0,822.83,1.25,443,0,76.16
10,53.83,42.65,0,555.34,9.75,443,0,100.0
14,11.37,17.26,0,697.2,8.0,443,0,98.82
15,13.12,22.76,0,744.37,22.89,80,0,100.0
19,13.56,28.31,0,1282.48,21.28,443,0,81.77
17,28.98,19.35,0,623.08,1.64,443,0,88.42
22,36.47,26.43,0,776.76,0.85,443,0,100.0
10,41.1,30.75,0,692.43,3.49,443,0,77.71
17,68.58,34.61,1,899.85,43.13,80,0,100.0
14,3.74,32.91,0,695.62,0.22,80,0,84.13
22,39.13,23.28,0,572.19,11.17,443,0,81.45
10,21.64,23.53,0,760.94,9.38,443,0,89.68
10,21.2,48.49,0,740.12,10.4,443,0,78.83
11,20.7,34.5,0,681.55,2.46,443,0,71.03
5,16.37,15.78,0,692.24,2.57,443,0,90.76
11,55.27,26.0,0,1036.94,5.63,443,1,95.34
10,42.63,21.65,0,736.05,1.01,443,0,100.0
14,30.35,23.65,0,573.17,0.78,443,0,96.07
15,50.27,12.71,0,707.58,0.93,443,1,100.0
21,7.31,20.88,0,810.87,8.51,443,0,100.0
17,10.04,43.12,0,532.75,5.07,443,0,97.38
11,2.67,30.79,0,1125.2,3.48,80,0,94.69
10,19.51,0.09,0,973.52,3.8,443,0,100.0
15,32.43,37.17,0,1086.03,2.32,22,0,67.87
8,31.54,35.9,1,878.43,5.3,443,0,85.2
21,32.24,21.41,0,381.26,2.27,443,1,71.42
18,8.83,32.17,0,1107.07,11.97,443,0,96.63
12,42.05,16.41,0,627.29,1.32,443,0,82.57
7,33.59,20.3,0,643.56,29.61,80,0,100.0
19,41.0,39.99,0,831.27,0.94,443,0,84.82
13,1.61,22.28,0,1075.65,28.73,443,0,91.06
18,34.67,6.3,0,1010.66,17.92,443,0,85.98
7,12.18,24.37,0,981.26,11.42,443,0,85.11
11,24.04,24.21,0,737.63,24.34,443,1,77.53
14,38.02,36.98,0,734.48,1.5,443,0,77.2
14,31.37,25.14,0,869.19,1.94,443,0,68.21
12,17.23,20.78,3,773.99,2.91,80,0,95.45
16,30.09,35.45,0,977.86,2.81,443,0,85.75
9,7.03,26.21,0,966.02,3.72,443,0,100.0
13,47.25,17.5,0,918.27,8.57,443,0,77.56
14,26.92,36.55,0,294.81,0.29,80,1,100.0
16,46.78,26.94,0,825.6,4.82,80,0,100.0
16,22.1,25.03,0,778.23,2.83,443,0,100.0
9,22.15,26.78,0,833.61,9.33,443,1,92.35
7,18.54,14.29,0,649.14,42.11,443,0,86.62
19,43.14,19.72,0,535.04,7.29,443,0,100.0
15,19.36,25.04,0,892.63,5.55,443,0,82.09
11,39.67,23.05,0,728.74,4.59,443,0,92.71
20,24.26,37.72,0,914.94,15.37,80,1,89.56
14,0.36,27.17,0,665.82,0.75,443,0,81.09
18,21.45,33.55,0,1083.18,32.13,443,0,92.78
14,12.31,25.09,0,1000.21,5.41,443,0,97.42
22,30.51,35.56,0,859.37,3.76,80,0,80.69
21,12.14,28.98,0,757.34,36.52,443,0,94.6
13,43.89,25.13,0,970.48,27.47,443,0,67.71
17,28.63,24.87,0,878.51,10.27,443,1,79.51
16,27.34,15.46,0,847.72,0.19,443,0,85.43
19,39.84,30.07,0,1008.57,13.8,443,0,93.57
10,44.46,24.6,0,1085.31,4.09,443,0,98.69
16,29.7,19.98,1,549.52,4.91,443,0,90.83
18,18.43,36.06,0,589.92,1.73,443,0,95.67
6,3.39,12.5,0,643.95,7.41,443,0,88.39
9,19.71,20.78,1,499.52,13.65,443,0,94.05
5,20.74,35.28,0,787.45,3.19,443,0,93.52
12,31.61,28.16,0,920.02,27.93,443,0,84.91
16,24.82,24.52,0,795.72,2.17,80,1,86.45
20,40.32,27.51,0,693.18,0.69,80,0,96.0
14,20.81,26.79,0,1025.29,10.34,8080,0,100.0
20,29.14,9.83,0,828.11,18.93,443,0,100.0
8,47.76,21.51,0,868.6,30.6,443,0,78.71
7,35.13,41.17,0,1030.85,14.57,443,1,78.74
13,29.1,18.41,0,775.35,2.23,443,1,84.64
15,20.97,21.82,1,1212.04,38.01,443,0,90.99
13,20.5,19.58,0,710.44,25.19,443,0,90.48
5,17.24,24.13,0,1199.59,1.78,443,0,100.0
13,21.88,19.17,0,605.05,8.18,443,1,100.0
8,41.33,29.87,0,903.5,8.11,8080,0,90.06
16,26.67,26.97,0,671.49,5.84,443,0,87.72
15,9.75,32.74,0,1023.91,41.53,443,0,95.17
10,56.52,14.49,0,704.35,0.61,443,0,100.0
11,34.8,21.6,0,858.17,9.87,80,0,95.52
9,8.9,22.74,0,669.89,2.3,80,0,85.68
13,23.37,29.56,0,987.45,7.49,443,0,83.88
17,31.66,17.07,0,668.85,15.13,443,0,78.89
10,55.57,34.16,0,1136.68,2.83,80,0,91.93
16,13.38,36.86,0,600.8,5.0,443,0,96.23
11,44.64,15.11,0,530.87,30.11,8080,0,97.35
10,50.99,20.09,0,990.31,14.33,443,0,100.0
13,20.57,19.68,1,681.67,8.5,443,0,100.0
9,25.84,51.32,0,798.55,2.51,80,0,76.25
11,14.46,20.7,0,735.55,5.54,443,0,94.05
9,26.95,41.78,0,537.48,14.87,443,0,94.39
21,29.45,12.33,0,784.6,17.18,443,1,89.26
14,39.89,15.1,0,1052.98,2.81,80,0,81.72
11,46.35,18.13,0,1000.63,10.85,443,0,100.0
14,18.78,16.54,0,846.36,1.0,443,0,84.11
13,0.49,22.32,0,1022.45,0.23,443,0,68.07
13,29.68,17.91,0,588.1,7.96,80,0,90.2
16,34.4,16.81,0,734.91,2.54,443,0,87.62
17,33.74,36.58,0,879.16,0.82,443,0,100.0
11,25.1,37.24,0,773.92,13.09,443,0,94.9
11,31.87,34.49,0,750.64,6.89,80,0,86.95
12,52.73,30.24,0,559.87,15.91,80,0,88.03
4,35.73,25.93,0,383.73,10.9,443,0,87.92
7,24.4,20.03,0,963.57,13.09,80,0,100.0
19,22.5,15.47,0,848.64,3.67,443,0,96.75
20,27.45,28.63,0,980.4,3.06,443,0,75.93
13,54.55,13.26,0,712.55,9.18,80,0,87.56
16,27.25,15.06,0,657.44,2.23,443,0,89.76
15,29.7,36.53,0,801.31,16.9,443,0,78.92
23,22.77,44.01,0,970.84,7.4,22,0,72.17
18,46.48,28.93,0,753.71,2.57,443,0,95.96
13,59.4,36.06,0,960.36,9.81,443,0,81.95
10,36.76,22.54,2,598.74,29.01,80,1,100.0
7,31.24,11.62,0,767.71,0.86,443,1,90.08
14,30.55,31.12,0,785.98,1.16,443,0,85.26
10,5.76,30.69,0,1045.28,18.57,443,0,65.83
8,41.18,25.72,0,841.53,1.16,443,0,100.0
11,32.01,22.58,0,1149.22,0.4,443,0,92.94
9,36.43,34.62,0,530.46,4.28,443,0,85.52
20,19.33,15.14,0,825.98,6.29,443,0,81.1
17,24.23,17.26,0,835.88,8.43,80,0,100.0
13,23.83,14.92,0,924.02,7.08,443,0,79.36
19,45.32,25.85,0,637.33,24.44,443,0,86.31
14,24.32,14.12,0,1136.89,14.64,80,1,95.7
10,61.24,18.16,3,802.59,41.23,80,0,100.0
20,36.46,17.94,0,582.59,6.47,443,0,87.84
16,10.86,22.39,0,796.8,0.88,443,0,82.65
9,28.07,10.13,2,737.37,31.13,443,0,88.93
13,20.22,25.87,0,1356.65,0.04,443,0,99.04
10,2.92,37.47,0,1009.99,14.97,443,1,100.0
8,53.99,26.35,0,809.93,0.32,443,0,76.25
17,40.55,40.41,1,777.62,14.32,443,0,91.15
21,38.0,38.34,2,990.21,27.8,8080,0,75.66
8,32.48,32.78,0,999.77,4.93,80,0,98.84
16,9.27,25.75,0,217.69,2.76,443,0,94.22
11,22.75,25.23,0,928.6,2.57,443,0,80.79
12,42.63,32.64,0,805.59,6.77,80,0,100.0
11,14.23,21.08,0,537.77,1.87,80,0,93.35
10,7.98,6.17,1,976.04,11.18,8080,0,92.25
14,26.59,29.92,0,1249.24,4.59,443,1,88.21
10,27.87,13.69,0,911.36,3.9,443,0,89.92
15,32.03,15.38,0,1020.09,6.19,22,0,86.19
13,40.93,25.0,0,1160.82,7.82,443,0,82.59
13,39.56,24.05,0,633.95,1.53,80,0,100.0
10,33.88,10.88,0,428.49,12.3,443,0,85.07
11,47.93,26.65,0,931.37,21.45,80,0,84.74
17,7.22,34.66,0,750.48,3.26,443,0,88.71
16,37.57,13.72,0,525.17,1.99,443,0,100.0
10,39.4,37.72,0,784.37,14.29,443,0,100.0
14,11.41,9.4,1,945.51,2.03,8080,0,86.05
17,7.46,46.17,0,770.21,0.42,443,0,100.0
7,18.81,20.89,0,642.63,9.66,443,0,91.08
16,20.08,26.46,0,755.3,2.74,443,0,81.57
11,41.3,6.08,3,796.1,1.89,80,0,85.24
16,20.78,24.38,0,414.1,39.96,443,0,100.0
10,17.15,27.28,0,771.45,3.45,443,0,100.0
6,20.83,24.14,0,531.13,23.38,443,0,93.2
7,46.78,19.37,0,931.81,1.96,443,0,84.33
14,30.2,15.53,0,487.79,17.09,443,0,88.75
15,27.31,36.31,0,1002.54,6.97,443,0,82.38
10,28.35,25.31,0,718.17,0.82,80,0,83.83
16,49.38,40.41,0,691.4,13.23,443,1,82.85
7,18.76,19.74,0,858.89,22.26,443,0,89.21
13,49.73,20.65,0,626.79,1.78,80,0,91.21
9,33.16,33.16,0,855.75,12.93,22,0,88.52
11,27.59,8.77,0,653.58,5.89,80,0,87.79
14,67.51,12.87,0,688.65,14.02,443,0,97.6
10,14.17,35.97,0,881.07,12.52,443,0,87.71
12,24.69,13.28,0,572.28,0.27,443,0,88.35
18,11.51,6.81,1,547.13,1.97,443,0,88.23
11,44.29,43.69,0,849.65,6.37,443,0,100.0
17,55.34,11.06,0,794.62,27.12,80,0,85.09
9,55.05,26.84,0,833.74,4.19,443,0,95.96
16,48.36,25.69,0,865.53,9.91,443,0,82.52
19,27.04,3.11,0,811.48,0.12,443,0,93.5
4,24.52,22.33,0,921.62,12.42,443,0,95.46
10,4.93,29.48,0,819.49,9.24,443,0,100.0
16,60.54,28.54,0,398.54,12.57,443,0,86.16
13,37.03,34.04,0,450.42,23.5,443,0,78.86
15,22.62,21.13,0,1185.59,1.58,443,0,82.16
11,49.92,32.13,0,800.01,3.03,80,0,99.65
14,15.41,18.11,1,990.05,54.68,443,0,100.0
13,36.1,10.9,0,730.86,1.7,80,0,98.34
18,27.41,12.02,0,788.4,12.75,443,0,77.38
15,39.58,10.38,0,709.33,12.91,80,0,98.01
15,29.05,35.1,3,1293.19,11.49,443,0,80.56
12,8.24,9.85,0,850.65,2.58,80,0,86.51
12,31.13,27.74,0,693.03,2.42,443,0,91.87
12,45.73,22.34,0,469.69,10.98,443,0,93.55
15,29.56,23.97,0,1194.75,2.06,443,0,90.65
12,41.63,38.64,0,767.34,10.83,443,0,83.99
15,14.32,20.62,0,948.85,6.78,443,0,100.0
22,29.61,31.12,0,971.2,4.89,22,0,84.72
17,20.63,25.38,0,707.43,3.57,443,0,100.0
12,41.2,23.48,0,934.49,29.48,443,0,76.41
18,30.47,48.0,1,679.17,7.09,443,0,92.16
12,40.35,10.59,0,601.91,8.24,443,0,77.74
5,46.32,37.89,0,1032.89,29.81,443,0,81.66
9,40.37,31.56,0,768.36,10.61,443,0,84.87
6,34.1,20.2,0,903.7,31.67,80,1,100.0
12,15.03,41.29,0,882.18,1.12,443,0,100.0
14,29.96,6.52,0,927.59,18.75,22,0,98.74
20,22.0,19.78,0,488.69,4.09,443,0,90.33
15,24.84,12.92,0,682.94,16.63,22,0,91.88
13,24.38,29.12,0,735.1,19.35,443,0,100.0
17,15.3,13.87,0,633.7,3.17,80,0,97.01
5,0.64,29.33,0,885.8,5.26,443,0,90.18
14,19.98,23.14,0,1037.38,12.95,443,0,100.0
17,32.9,20.21,0,1069.04,1.04,443,0,98.15
8,9.78,28.89,0,732.16,14.09,443,0,92.42
18,30.24,22.31,0,858.39,1.17,443,0,85.41
15,58.5,14.11,0,889.13,24.59,443,0,84.51
12,45.35,53.01,2,924.25,3.23,443,0,86.64
16,54.65,20.13,0,624.37,8.57,80,0,94.57
23,35.87,2.82,0,1164.12,1.25,8080,0,98.36
14,47.51,16.58,0,985.3,3.14,443,0,75.56
14,19.14,12.33,0,990.53,5.17,443,0,70.53
12,20.33,33.26,0,1040.69,6.68,443,0,80.49
10,11.09,28.22,0,906.83,0.0,80,0,85.92
17,47.79,28.99,0,594.54,21.95,22,0,100.0
10,53.1,21.3,0,772.21,0.08,8080,0,87.2
14,21.7,22.21,0,469.79,14.86,22,0,92.55
12,26.19,21.29,0,883.01,6.36,80,0,94.18
15,18.69,24.19,0,766.16,7.42,8080,0,79.76
15,35.74,33.35,0,791.9,2.34,443,0,100.0
18,46.87,28.36,0,1040.8,9.35,22,0,83.35
11,3.86,30.0,0,708.6,7.71,80,0,100.0
12,36.14,30.0,0,749.58,1.79,443,0,88.74
10,25.85,33.84,1,804.39,2.72,443,0,86.62
12,31.7,27.88,0,432.0,0.69,443,0,78.89
15,36.88,28.59,0,746.79,0.69,80,0,91.97
17,27.18,36.89,0,302.84,0.14,443,0,100.0
10,28.45,18.35,0,682.9,2.49,443,1,94.14
17,26.79,16.44,0,971.04,11.38,80,0,92.7
19,44.55,13.14,0,889.45,3.8,443,0,83.33
15,36.28,26.83,0,681.04,4.2,80,0,95.92
21,33.31,6.46,0,808.16,1.41,80,0,91.58
10,10.94,29.62,3,585.0,8.57,8080,0,89.37
9,24.32,23.91,0,799.53,4.19,443,0,94.95
6,43.48,36.35,0,1386.06,11.28,22,0,71.84
19,30.57,18.28,0,1169.16,13.53,443,0,88.99
16,39.89,22.97,0,810.52,8.79,443,1,78.03
13,56.5,36.22,0,832.03,3.23,443,0,90.29
15,45.58,38.83,0,604.09,7.11,443,0,82.76
9,31.4,18.2,0,639.64,2.9,8080,0,83.44
23,22.34,26.82,3,872.44,23.32,443,0,76.67
14,8.3,27.94,0,695.02,14.54,22,0,100.0
14,27.47,28.74,0,980.83,6.79,443,1,83.22
16,25.11,22.37,0,1113.94,33.66,443,0,83.76
15,35.86,37.81,0,866.52,7.91,443,0,100.0
14,27.69,6.1,0,820.35,3.98,443,0,95.68
10,25.19,20.79,0,463.84,1.0,8080,0,69.65
15,3.31,29.48,0,949.52,7.85,80,0,100.0
21,15.9,29.57,0,571.27,19.69,443,0,100.0
19,37.15,38.53,0,716.4,20.15,80,0,100.0
20,55.74,36.98,0,991.92,9.28,443,0,96.68
11,28.54,22.14,0,1005.95,5.0,443,0,78.98
10,34.92,38.0,0,706.7,10.51,443,0,89.51
13,44.29,17.86,0,718.22,14.36,443,1,75.52
14,17.84,34.31,0,660.14,5.3,8080,0,81.34
18,35.5,43.11,0,560.43,6.47,443,0,78.89
7,18.89,37.15,0,673.04,11.41,443,0,83.73
20,42.97,26.06,0,477.37,20.93,443,0,91.64
13,32.27,21.68,0,936.61,15.65,443,1,85.55
12,34.48,9.71,0,878.9,0.23,443,1,85.12
9,18.26,28.11,0,912.11,1.33,443,1,87.09
7,40.61,13.85,0,609.12,19.16,80,0,100.0
17,61.27,17.07,0,560.99,17.95,443,0,100.0
14,14.88,13.09,0,810.7,4.92,443,0,85.49
8,24.9,20.4,0,812.82,8.78,443,0,93.36
8,33.47,24.72,0,770.55,23.63,443,0,81.59
12,41.8,27.74,0,742.1,24.25,80,0,97.68
20,21.61,18.99,0,1142.16,15.28,443,0,85.24
12,12.5,35.69,1,885.21,2.35,443,0,82.89
7,50.39,22.92,0,1194.14,13.1,443,0,100.0
13,41.41,17.12,0,1053.79,1.07,8080,0,76.44
12,3.86,27.26,0,1140.65,22.44,80,0,65.47
3,20.89,44.64,0,585.11,1.62,443,0,97.35
13,53.52,28.35,0,918.63,10.86,443,1,86.32
13,51.72,21.37,0,713.65,9.42,443,0,83.54
16,44.08,9.73,0,467.32,15.0,80,0,100.0
21,27.36,22.81,0,1099.2,8.02,443,0,97.3
18,31.24,27.35,0,741.26,0.61,443,0,89.41
12,28.04,21.12,0,588.98,12.24,443,0,82.92
9,46.92,8.35,0,717.09,4.83,443,0,94.46
23,16.86,16.49,0,640.76,3.86,443,0,72.67
14,17.91,39.55,1,661.26,47.88,443,0,84.84
14,45.15,39.34,0,755.68,8.93,443,0,89.63
13,29.33,16.13,0,1146.16,12.4,443,0,92.13
14,50.68,31.73,0,666.74,7.47,443,0,88.58
13,19.93,13.21,0,1131.85,14.7,443,0,83.07
11,29.18,39.04,0,969.77,13.95,443,0,99.21
11,16.16,27.45,0,879.25,10.7,22,0,73.48
13,30.11,34.5,0,949.62,60.94,443,0,87.22
11,7.82,7.85,0,802.73,6.16,443,0,84.82
11,22.69,31.78,0,1057.21,12.25,80,1,100.0
14,8.46,24.92,0,913.4,15.98,443,0,85.41
12,40.41,33.52,0,467.07,4.72,443,0,94.38
20,40.75,34.15,0,859.25,6.11,443,0,93.33
3,4.05,25.66,0,956.79,34.79,443,0,71.65
18,50.01,18.99,0,742.2,0.33,443,0,89.34
18,67.46,32.8,2,825.25,4.08,443,0,72.57
5,30.69,24.4,0,677.43,6.66,80,1,93.51
12,20.38,16.27,0,524.47,0.01,80,0,82.7
12,72.36,15.8,0,489.92,22.94,443,0,100.0
8,10.22,10.23,0,492.59,3.37,80,0,88.19
10,30.3,19.9,0,933.81,2.98,443,0,82.3
9,32.69,36.03,0,301.94,17.17,443,0,100.0
21,50.18,26.78,0,666.7,3.26,443,0,81.28
17,35.4,19.7,0,646.87,10.72,443,0,98.95
19,22.52,33.05,0,743.57,17.23,443,0,94.68
16,15.73,16.68,0,428.71,15.73,443,0,86.35
9,24.87,25.95,0,880.78,15.23,443,0,76.64
11,14.9,23.2,0,545.37,0.93,80,0,100.0
15,30.72,32.79,0,1026.48,0.83,443,0,95.0
9,21.54,9.23,0,675.65,3.66,443,0,82.28
16,7.59,16.5,0,780.88,0.37,443,0,92.45
13,48.83,8.62,0,800.75,6.94,443,0,100.0
12,22.53,22.4,0,848.85,5.02,80,1,91.12
16,10.98,37.11,0,807.4,8.14,8080,0,92.38
15,27.48,19.95,1,714.58,3.55,80,0,100.0
12,31.03,19.89,0,868.61,6.65,80,1,100.0
18,3.8,33.72,0,893.23,4.08,443,0,88.8
9,34.97,35.69,0,646.97,2.17,443,0,76.63
16,14.29,24.11,1,885.27,10.48,443,0,76.97
16,55.67,31.85,0,1038.34,11.19,8080,0,83.09
12,37.86,14.23,0,941.18,17.67,443,0,80.65
15,24.0,38.78,0,986.48,20.77,443,0,73.18
8,18.82,46.49,0,834.38,12.19,443,0,100.0
17,28.43,30.21,0,612.77,11.63,443,0,95.28
13,39.19,4.16,0,638.07,0.58,443,0,84.76
11,29.62,19.42,0,863.98,1.16,80,0,89.67
18,26.74,31.13,0,988.55,16.74,443,0,72.14
11,30.88,20.79,0,1357.18,2.65,80,0,100.0
8,20.94,37.72,0,996.36,4.39,22,0,70.5
7,24.85,30.88,0,565.91,1.57,80,1,95.1
16,1.29,17.94,0,646.55,2.17,22,0,71.62
8,44.61,25.32,0,1255.7,14.94,443,0,85.86
21,34.48,16.06,0,757.12,3.04,8080,0,100.0
5,18.4,23.17,0,809.5,5.96,443,0,73.66
20,58.48,19.45,0,607.92,1.64,80,0,88.51
14,31.31,36.75,0,1113.02,11.33,443,1,96.28
13,14.46,46.16,0,900.07,13.03,443,0,94.64
11,42.85,10.69,0,645.08,4.49,443,0,90.7
15,35.97,5.77,0,601.23,15.36,443,0,94.96
13,35.92,22.55,2,861.44,2.74,22,0,83.89
18,23.61,9.82,0,808.84,11.77,80,0,100.0
14,36.76,25.46,0,966.42,13.09,443,0,73.89
14,26.07,32.49,0,909.39,34.63,443,0,100.0
12,38.34,39.94,0,747.1,2.64,80,0,91.89
13,1.43,27.01,0,691.24,0.98,443,0,96.17
15,23.49,23.07,0,768.01,3.05,80,0,97.95
7,55.83,5.22,0,689.86,1.31,443,0,95.56
8,18.49,25.26,0,773.96,1.86,443,0,81.89
16,20.94,25.71,0,803.29,4.07,8080,0,87.14
14,23.28,31.39,0,620.41,5.34,443,0,75.48
13,11.78,17.92,0,926.14,23.41,443,0,87.02
14,3.12,20.65,0,725.91,2.18,22,0,93.23
15,26.54,10.22,0,631.62,35.67,22,1,96.07
11,32.04,2.09,1,729.68,16.62,8080,1,93.91
10,29.21,13.92,0,848.45,21.33,443,0,72.45
14,27.83,9.3,0,816.61,26.51,443,1,84.38
10,30.65,28.37,0,884.42,13.99,443,0,83.38
15,45.34,19.82,0,979.67,15.55,443,0,76.9
7,27.14,19.62,0,1060.99,5.76,80,0,81.64
18,21.39,15.16,0,857.1,7.14,443,0,90.01
15,25.78,7.33,0,586.12,26.95,443,0,100.0
15,38.69,40.08,0,746.18,4.75,22,1,80.47
17,51.18,15.0,0,599.14,0.43,8080,0,78.71
20,20.58,20.88,0,1139.37,14.39,443,0,84.01
18,31.48,10.45,0,1197.48,8.51,443,0,93.37
6,35.08,34.72,0,930.06,16.87,80,0,100.0
8,15.11,26.43,0,971.69,0.79,443,1,89.13
11,30.31,16.74,0,850.19,9.71,80,0,75.54
14,8.01,21.08,0,873.21,2.85,80,0,77.67
16,3.46,41.78,0,480.51,23.36,443,0,91.88
11,35.5,24.27,0,785.21,1.16,443,0,99.95
14,24.24,23.18,0,623.77,18.52,443,0,100.0
10,33.03,15.59,0,856.27,0.93,443,0,78.18
11,29.73,6.05,0,788.08,0.25,443,0,91.4
8,15.35,23.4,0,1189.36,2.68,80,1,79.7
10,29.32,28.25,0,983.33,4.05,22,0,81.01
8,11.5,36.0,0,856.9,9.85,443,0,80.17
10,50.86,2.52,0,746.61,1.41,8080,0,86.66
18,9.66,13.75,0,1135.2,5.75,443,0,81.18
10,27.06,19.19,0,794.01,2.28,80,0,100.0
23,14.37,24.97,0,866.33,19.33,443,0,85.4
15,38.56,23.55,0,808.45,0.46,443,0,99.88
14,25.03,23.78,0,719.17,4.4,443,1,83.4
10,22.22,29.08,2,807.3,9.98,443,0,100.0
16,42.8,15.97,0,407.61,24.43,443,0,93.39
11,30.44,34.34,1,490.46,20.25,80,1,98.37
14,37.75,29.33,0,869.93,22.56,443,0,84.09
23,15.28,21.8,0,1113.64,0.65,8080,0,99.76
13,8.93,41.01,0,869.64,18.38,443,0,93.35
18,31.61,40.56,2,655.93,15.14,443,1,86.21
11,25.22,34.33,0,511.43,23.27,443,0,79.2
13,39.4,5.19,0,956.91,3.73,8080,0,87.62
21,28.8,40.79,0,686.56,24.28,443,0,86.77
11,33.08,32.95,0,928.65,5.15,443,0,98.69
21,5.65,45.06,0,877.97,10.05,22,1,87.68
16,58.33,37.37,0,895.66,5.52,443,0,70.78
11,27.54,40.78,2,806.72,5.58,443,0,96.46
16,40.46,33.79,0,876.73,7.91,443,0,100.0
17,17.46,38.49,0,776.11,4.4,443,0,73.34
16,34.62,44.94,0,672.94,15.74,443,0,100.0
7,10.46,27.17,0,607.3,10.04,22,0,100.0
11,36.78,9.28,0,323.0,11.7,22,0,83.69
13,24.66,21.93,0,763.78,2.63,443,1,78.83
13,30.44,28.9,0,1103.88,34.93,443,0,100.0
16,40.47,25.75,0,946.02,10.79,443,0,76.3
14,11.51,12.53,0,845.54,2.2,443,0,83.32
8,19.73,8.69,1,653.2,13.88,443,0,76.85
15,36.86,17.59,0,999.47,1.91,443,0,90.06
16,61.47,33.08,2,776.14,0.65,443,0,100.0
16,27.93,40.8,0,1114.99,7.5,443,1,93.75
18,38.87,34.17,0,603.78,8.06,80,1,100.0
17,28.4,35.57,0,650.01,2.09,80,0,86.48
15,59.13,24.19,0,630.55,4.28,443,0,90.97
13,3.79,7.58,0,503.58,29.15,80,1,77.74
7,31.42,20.45,0,612.59,3.35,443,0,89.03
15,5.62,22.41,0,820.64,1.69,443,0,82.54
14,7.6,20.03,0,657.56,49.01,80,0,88.4
15,34.46,25.55,0,100.0,3.6,80,0,87.71
8,32.09,29.41,0,1014.85,11.4,443,0,86.86
9,25.73,33.53,0,463.18,2.63,443,1,100.0
18,28.41,22.22,0,917.85,7.99,22,1,100.0
13,76.47,5.96,0,806.24,4.88,443,0,100.0
16,26.13,20.17,0,1223.47,32.59,443,1,100.0
14,37.65,25.44,0,999.39,5.67,80,1,100.0
14,20.26,37.23,0,699.08,8.77,443,0,89.78
17,34.43,19.32,0,659.59,28.96,443,0,88.75
11,26.43,30.13,0,1100.55,45.31,8080,0,92.35
14,23.84,27.9,0,504.83,1.07,443,0,87.89
12,57.28,25.44,0,838.18,17.98,443,0,79.6
12,47.66,34.31,0,773.78,4.81,443,0,92.97
12,32.05,18.39,0,731.35,9.03,443,1,74.34
14,4.56,19.25,0,870.7,4.7,443,1,91.38
12,24.58,24.88,0,837.91,5.13,443,0,80.05
19,70.55,18.6,0,891.48,1.73,443,0,89.19
10,26.54,30.08,0,827.8,8.5,443,0,91.91
13,46.55,17.87,1,883.54,7.91,443,0,86.47
12,51.63,27.26,0,818.67,2.1,443,0,73.59
19,33.28,24.0,0,668.11,7.8,443,0,78.12
14,17.37,27.15,0,800.8,36.16,443,0,94.58
18,6.53,20.4,0,657.12,12.53,443,0,84.43
8,40.26,21.61,0,643.92,6.56,443,1,95.61
15,17.78,25.96,0,732.77,24.78,80,0,90.1
17,32.64,27.02,0,776.12,8.56,80,0,88.02
14,11.25,24.96,0,807.05,1.45,443,0,93.48
18,26.02,42.05,0,983.28,7.93,443,0,83.25
11,30.51,15.09,0,700.31,2.0,443,0,94.0
19,34.03,24.36,3,839.37,14.59,443,0,85.8
23,13.28,9.26,0,823.61,34.17,443,0,100.0
12,47.95,28.72,0,678.27,4.48,443,0,78.66
12,21.05,13.85,0,814.75,5.71,443,0,86.43
19,4.88,22.22,0,1000.54,5.47,8080,0,86.83
20,28.36,21.28,0,837.3,3.36,443,0,76.48
11,30.52,27.81,1,845.32,15.81,80,0,97.26
12,32.41,19.47,0,658.93,9.62,443,0,85.71
12,50.43,19.05,0,1193.77,0.66,443,0,66.2
8,26.45,39.36,0,670.33,18.25,443,0,96.95
10,28.21,27.85,0,466.44,2.07,8080,1,83.64
9,13.45,19.39,1,972.04,38.7,443,0,88.95
10,42.31,22.49,0,777.04,4.73,443,0,96.77
13,32.76,41.45,0,739.39,9.58,443,0,86.35
14,23.7,22.65,0,690.89,0.81,80,0,86.27
20,1.43,18.11,0,1174.34,4.23,443,0,100.0
10,51.67,18.15,0,870.92,16.21,443,0,68.46
17,11.58,19.51,1,909.95,6.49,8080,0,77.14
13,21.13,19.06,0,832.52,23.5,443,0,79.08
13,35.38,12.2,0,854.01,8.56,443,0,100.0
16,12.05,13.76,0,1079.72,26.39,443,0,83.55
9,7.6,16.71,0,749.83,40.52,80,1,92.4
15,1.86,30.92,2,508.61,6.05,443,0,85.26
14,40.81,21.19,0,973.61,8.33,443,0,96.03
15,21.82,22.93,0,899.34,18.01,80,0,89.87
15,73.91,37.7,0,821.6,2.5,443,0,92.53
23,15.08,37.95,0,894.15,19.78,22,0,100.0
11,16.18,22.18,0,725.85,8.96,443,0,94.4
11,21.52,18.69,0,804.14,12.93,443,0,82.65
11,33.65,16.36,3,773.66,0.83,443,0,93.12
11,22.95,31.93,0,681.7,14.53,80,0,100.0
11,39.18,22.95,0,1037.83,3.72,443,0,95.65
18,15.32,21.14,0,517.55,16.36,443,0,91.52
19,9.28,16.86,0,1272.18,7.12,443,0,76.29
11,3.03,17.3,0,975.47,3.21,22,0,97.24
10,3.35,28.2,0,444.4,30.53,443,0,98.72
15,22.23,11.85,0,755.17,14.48,443,0,93.13
11,25.49,34.95,0,766.29,42.47,8080,0,91.14
16,20.53,19.66,0,878.38,4.53,80,0,100.0
14,48.65,23.5,0,602.12,10.48,443,0,98.55
7,48.42,11.63,0,806.41,9.46,22,0,100.0
20,24.98,24.88,0,775.78,11.63,443,0,90.67
21,3.09,21.72,0,652.48,0.39,443,0,88.68
11,21.5,24.5,0,624.65,3.45,443,0,96.32
12,21.0,39.72,0,983.76,24.01,443,0,88.67
15,20.14,26.78,0,460.68,5.51,22,1,89.5
15,19.53,17.05,0,895.58,32.35,80,0,94.63
16,20.2,17.89,1,959.5,2.4,443,0,84.87
22,24.2,30.95,0,756.29,59.62,80,0,92.2
13,20.47,37.99,0,810.47,11.96,443,0,90.8
10,33.12,27.82,1,1032.7,14.98,443,0,99.67
8,35.41,31.89,0,659.03,5.06,22,0,83.89
11,16.34,31.1,3,679.67,23.75,80,0,70.0
13,49.07,39.19,0,700.9,7.88,443,0,86.89
21,15.3,5.5,0,1033.07,11.42,443,0,93.97
11,5.73,31.67,0,1058.46,1.0,443,0,99.64
14,35.71,34.84,0,520.82,9.99,443,0,83.07
13,17.74,11.61,0,1001.25,21.13,443,0,95.42
18,34.82,16.14,0,963.78,1.96,443,0,100.0
23,6.06,16.49,0,1110.72,13.38,443,0,97.51
11,50.89,17.71,0,877.02,0.26,80,0,82.09
12,40.08,20.18,0,791.15,26.06,443,0,83.17
18,7.49,27.43,0,1029.04,40.7,443,0,94.35
16,7.82,33.66,0,939.78,4.37,8080,0,100.0
21,55.08,35.81,0,1248.98,1.13,443,0,90.14
16,18.94,16.62,0,991.74,10.75,80,0,88.35
12,17.49,16.55,0,830.71,0.3,443,0,76.3
16,3.99,38.16,0,565.18,6.59,443,0,86.36
18,24.74,31.47,0,683.82,3.17,443,1,82.85
17,26.58,25.83,1,512.81,6.41,443,0,90.27
16,40.73,29.73,0,756.99,0.18,443,0,74.87
18,9.01,24.7,0,985.21,0.53,443,0,86.71
18,7.2,30.25,0,799.27,0.16,443,0,79.91
19,36.76,21.64,0,1004.35,9.65,443,0,99.4
16,45.1,27.69,0,867.51,8.21,443,0,81.41
13,6.43,9.89,2,719.38,2.65,8080,0,84.28
14,46.22,18.12,0,817.53,10.4,80,0,92.82
18,30.56,18.23,0,894.42,21.56,80,0,85.46
10,46.38,21.26,0,827.84,3.25,443,1,100.0
15,28.95,15.73,0,830.14,17.84,443,0,99.31
12,7.83,19.66,0,646.19,10.86,443,0,90.17
14,27.72,9.86,0,713.4,0.34,80,0,93.68
19,45.9,30.49,0,1251.69,4.7,443,0,66.45
14,16.59,24.17,0,1045.69,7.09,443,0,100.0
14,24.18,7.95,0,505.23,13.16,443,0,95.12
8,27.36,16.65,0,326.61,3.38,443,0,89.27
16,13.49,28.37,0,815.24,40.59,443,0,95.66
16,55.07,19.57,1,978.69,11.54,8080,0,96.88
22,16.48,18.03,0,696.01,4.67,80,0,85.84
12,37.59,24.25,0,1004.33,1.02,443,0,93.8
14,28.7,28.44,0,811.93,2.0,443,1,100.0
14,48.86,10.64,0,767.39,6.69,443,0,94.55
20,36.09,30.5,0,951.22,6.83,443,0,87.47
13,26.48,17.0,0,693.62,14.6,80,0,92.97
15,16.6,24.82,0,742.66,12.95,443,0,100.0
16,41.97,24.65,0,934.03,2.25,80,0,97.84
14,1.9,19.73,0,793.72,9.04,443,0,78.37
12,39.69,14.76,0,1181.76,0.21,443,0,95.87
14,13.51,22.14,0,938.77,5.08,443,0,94.54
18,48.78,41.25,0,925.76,14.44,80,0,100.0
9,32.42,11.38,0,790.1,5.1,443,0,90.33
14,39.66,41.92,0,974.95,18.05,8080,0,86.31
11,31.23,22.4,0,735.48,37.36,80,0,76.32
18,3.71,25.35,0,856.48,9.34,80,0,83.05
7,17.09,14.13,0,616.74,1.57,80,0,100.0
11,40.09,17.29,0,1007.89,4.78,443,0,91.98
15,32.5,19.97,0,858.12,0.1,443,0,89.0
20,47.71,14.54,0,1196.5,9.23,443,0,100.0
13,36.05,22.91,1,1278.46,17.24,443,1,100.0
11,15.5,20.93,0,952.66,9.94,80,0,82.64
21,18.06,43.51,0,813.69,15.42,443,0,100.0
8,31.54,13.34,0,610.79,16.09,443,0,73.41
5,4.71,26.03,0,980.95,19.04,80,0,94.6
15,55.1,27.48,0,842.06,3.1,443,0,93.41
11,36.63,14.3,0,907.61,20.5,443,0,100.0
9,48.41,31.87,1,1145.96,10.62,443,0,93.81
16,6.29,21.02,0,635.12,3.42,80,0,87.55
14,48.67,0.08,1,615.14,43.66,443,0,88.34
11,63.47,31.6,1,752.71,29.99,8080,0,100.0
8,10.19,13.83,0,964.24,8.54,443,0,90.83
17,41.57,14.52,0,910.97,18.53,80,0,95.97
16,30.02,31.88,0,620.86,3.03,443,0,69.79
13,6.83,21.53,0,951.31,5.38,443,0,81.73
21,37.39,34.18,0,559.76,2.03,443,0,95.19
9,42.5,37.1,0,632.45,7.34,443,0,73.85
7,20.98,18.55,0,776.91,6.85,443,1,95.49
11,47.49,32.93,0,689.31,2.39,443,0,82.75
13,5.0,17.45,0,977.97,11.17,443,1,79.66
14,7.58,47.33,0,857.28,1.25,80,0,82.71
13,32.05,18.07,0,1153.11,0.64,443,0,100.0
15,30.38,35.26,0,750.56,4.86,8080,0,93.33
8,19.25,33.44,2,775.56,5.27,80,0,80.9
19,42.14,28.16,0,1042.08,3.85,443,0,97.75
13,37.96,18.29,0,781.82,2.98,443,0,98.3
18,42.87,23.49,0,1098.8,4.14,443,1,86.19
15,28.15,3.46,0,908.17,1.78,80,0,99.59
15,39.04,27.24,0,329.44,5.17,80,0,100.0
16,23.32,28.5,0,1035.51,23.5,443,0,98.51
15,60.81,26.33,0,982.55,2.54,443,0,83.26
16,17.81,4.73,0,990.27,11.53,443,0,78.21
19,61.58,12.34,1,417.8,1.53,80,0,73.07
14,30.52,17.52,0,667.4,4.37,80,0,83.44
16,9.37,27.92,0,682.26,3.87,80,0,86.32
13,50.52,27.89,0,631.78,27.65,443,0,87.14
19,31.89,23.3,3,1148.38,5.59,443,0,89.53
11,42.77,31.35,0,797.65,11.73,8080,0,100.0
21,48.36,14.74,0,792.69,9.22,22,0,86.6
13,35.07,31.1,0,910.4,1.52,443,0,89.51
8,21.12,29.75,0,913.86,28.06,443,0,71.82
14,44.64,28.78,0,133.02,4.24,443,0,100.0
11,30.01,23.18,0,670.73,0.46,80,0,76.84
17,40.29,43.31,0,517.44,3.57,443,0,82.93
11,2.31,29.93,1,880.06,4.09,443,0,96.96
12,36.7,15.32,0,742.22,0.97,443,0,92.46
6,20.42,27.48,0,803.08,9.68,443,0,100.0
12,54.8,32.52,0,384.3,4.26,443,0,97.2
4,39.35,19.12,0,738.03,9.92,443,0,89.19
7,33.6,35.89,0,1023.03,0.07,80,1,100.0
17,37.29,28.82,0,1081.89,40.2,443,1,100.0
17,15.02,1.58,0,943.77,1.87,443,0,83.4
15,54.35,28.0,0,532.91,10.77,443,0,99.63
10,59.87,20.94,0,1051.88,12.58,443,0,87.78
13,35.89,30.37,0,944.8,1.88,443,0,88.97
13,53.86,34.44,0,776.56,1.18,443,1,91.43
9,21.46,26.95,0,394.99,1.66,443,0,86.19
20,18.04,41.65,0,990.72,2.83,22,0,85.65
17,30.61,23.21,0,681.57,1.84,80,1,99.85
13,36.52,31.25,0,869.23,11.21,443,0,74.71
14,24.09,33.05,0,813.68,5.46,22,0,79.38
14,38.07,24.03,0,1107.68,7.72,80,0,96.75
5,34.6,32.79,0,774.93,0.48,22,0,89.27
13,15.03,19.05,0,796.98,19.75,443,0,99.92
11,37.78,20.77,0,1115.72,1.87,80,0,93.58
9,42.95,11.88,0,668.36,4.47,443,0,76.66
12,32.57,27.41,0,962.86,0.75,80,0,90.63
21,47.29,28.25,0,760.28,1.47,443,0,95.35
16,11.74,36.79,0,599.49,10.96,443,0,92.34
11,37.02,32.91,0,800.23,11.8,443,0,85.32
16,12.45,22.15,1,938.34,11.3,80,0,87.26
19,13.29,13.22,0,1070.74,8.03,80,0,84.4
17,20.54,29.33,0,1094.94,30.47,443,0,76.75
14,15.87,36.11,0,741.05,7.08,443,0,75.37
11,21.78,32.55,0,602.55,5.97,80,0,93.9
16,26.79,35.84,1,736.25,2.84,443,0,81.29
15,42.56,22.88,0,563.69,1.04,443,0,95.76
17,25.18,20.33,0,756.52,7.94,80,0,84.05
16,6.22,17.63,0,731.67,3.78,80,0,76.87
18,47.1,24.44,0,945.5,7.42,443,0,85.92
11,17.44,24.21,0,358.81,2.31,443,0,100.0
19,29.12,27.07,0,653.28,18.21,80,1,89.04
14,36.7,23.71,0,654.9,81.02,80,0,96.46
22,32.99,23.66,0,1037.43,3.89,443,0,91.69
11,46.41,17.23,0,577.23,18.47,443,0,75.95
20,37.19,34.42,0,845.33,20.63,443,0,100.0
14,17.08,25.77,0,774.37,55.4,22,0,87.52
11,62.68,23.26,1,1008.61,4.2,443,1,76.89
12,32.92,17.53,0,919.17,14.11,443,0,84.88
12,27.79,11.68,0,824.25,2.6,443,0,87.94
15,44.46,38.08,0,689.07,9.8,443,0,97.49
16,33.74,30.55,0,429.53,12.2,443,1,83.19
11,35.99,8.76,0,849.42,13.51,443,0,100.0
13,67.38,32.63,0,906.1,2.32,443,0,80.63
22,25.87,34.22,0,485.03,18.89,443,0,96.12
20,25.23,26.24,0,553.26,5.46,443,0,70.26
15,31.75,40.98,0,850.47,2.44,80,1,88.76
14,46.07,27.17,0,867.83,7.82,443,0,93.67
14,7.4,10.83,2,601.87,19.9,80,0,78.8
16,0.52,28.65,0,685.19,34.14,443,0,100.0
9,21.19,27.45,0,432.7,13.79,443,0,94.34
12,5.49,18.97,0,1075.45,0.06,443,0,86.82
7,23.63,30.74,0,540.03,1.45,22,0,94.24
15,37.54,8.32,0,908.45,0.79,443,0,84.07
16,16.64,34.91,0,793.01,1.07,443,0,100.0
12,8.6,16.22,0,1057.92,4.83,443,0,100.0
20,31.04,15.15,0,641.55,4.13,443,0,93.73
9,42.94,23.86,0,812.25,1.21,443,0,96.12
8,4.58,29.33,0,460.31,21.39,22,0,75.23
14,42.3,26.64,0,412.29,9.56,443,1,100.0
18,42.26,17.57,0,919.27,15.92,443,0,89.01
20,44.31,19.94,0,442.99,4.64,8080,0,100.0
12,48.28,13.67,0,754.36,5.28,443,0,97.5
18,63.03,22.75,0,1002.26,3.82,443,0,100.0
13,24.66,35.75,0,949.34,5.77,443,0,79.52
13,31.64,24.96,0,667.08,9.43,443,0,80.8
17,23.75,33.59,0,482.3,6.79,443,0,100.0
16,30.03,39.55,0,901.9,18.2,443,0,74.81
7,52.99,19.12,0,1068.45,23.04,80,0,79.02
19,9.82,23.13,0,667.55,6.34,443,0,90.43
19,17.08,46.71,0,639.34,2.74,22,0,90.45
11,50.66,39.44,0,695.02,29.04,443,0,84.6
15,45.3,8.28,0,914.32,13.28,443,0,96.16
15,24.55,28.87,0,1045.7,10.22,443,1,99.02
15,42.82,25.01,0,552.08,13.68,443,0,89.82
11,35.12,33.26,0,500.34,0.79,443,0,87.32
11,52.5,17.55,0,1268.0,0.7,443,0,89.78
13,31.12,16.6,0,764.54,1.66,80,0,85.03
18,45.38,18.24,0,850.58,1.6,8080,0,73.02
16,69.63,19.28,0,661.61,5.46,443,1,93.01
12,38.97,33.15,1,897.99,1.71,80,0,97.66
17,30.74,13.19,0,992.01,19.28,80,1,88.46
2,40.84,18.77,0,859.96,8.63,443,1,67.35
18,24.52,7.11,0,1148.17,4.59,443,0,84.28
7,65.82,35.07,0,734.65,0.72,8080,0,99.06
12,32.7,37.71,0,747.42,8.94,443,0,75.62
9,25.91,21.73,1,846.28,1.24,8080,0,96.96
8,17.46,22.02,0,892.99,13.6,443,0,85.55
18,46.46,29.53,0,845.59,16.23,443,0,89.81
12,43.01,39.74,1,543.12,7.85,443,0,83.14
15,22.54,29.09,0,862.5,1.62,8080,1,78.64
13,38.65,18.02,0,725.17,15.46,443,1,100.0
15,7.37,8.81,0,683.8,3.68,443,0,98.16
14,32.77,13.85,0,806.5,2.52,443,0,96.45
8,36.79,25.73,0,607.7,6.36,443,0,99.09
17,55.61,18.45,1,572.92,25.59,443,0,95.03
12,18.44,26.95,0,276.91,3.53,443,0,99.44
7,10.82,19.47,0,1149.45,23.6,443,1,83.36
12,16.57,14.42,0,911.15,0.55,443,0,100.0
20,9.95,13.23,0,776.65,0.87,443,0,100.0
17,50.05,40.62,0,666.56,11.99,443,0,93.8
12,53.23,33.89,0,224.79,2.11,443,0,87.12
12,34.8,42.31,0,654.29,3.81,443,0,77.76
12,48.32,30.4,0,943.17,1.47,80,0,92.29
22,32.01,20.7,0,988.43,4.04,443,0,100.0
15,28.57,38.23,0,928.46,3.29,443,0,78.39
15,25.0,24.67,0,831.68,13.33,443,0,100.0
18,25.34,27.21,0,1060.77,12.11,443,1,85.29
14,6.78,24.57,0,734.29,30.99,443,0,86.14
12,33.96,4.47,0,1017.04,12.89,443,0,78.25
13,29.39,41.05,0,723.08,11.87,80,0,82.48
13,41.18,29.91,0,623.77,11.85,80,0,96.47
13,31.4,28.3,0,598.86,21.45,443,1,97.71
16,27.56,24.38,0,587.1,3.51,443,0,92.36
14,16.93,26.63,0,931.81,3.57,80,0,84.99
16,31.08,19.03,0,651.45,13.52,443,0,78.96
13,41.07,31.17,0,593.39,2.6,443,0,90.62
14,12.85,11.93,0,942.75,24.31,443,0,86.35
6,31.31,26.86,0,865.59,7.65,443,1,92.11
17,33.5,30.62,0,992.52,3.57,80,0,86.79
15,19.23,23.01,0,902.52,14.97,443,0,87.04
17,21.18,28.71,0,649.38,3.74,443,0,91.59
2,33.46,15.09,0,815.22,33.04,80,0,93.52
22,13.0,15.34,0,825.03,40.74,443,0,100.0
13,35.25,27.37,0,616.17,10.99,443,0,86.63
18,16.57,31.79,0,579.08,1.21,443,0,95.45
9,45.94,6.25,0,663.86,3.05,443,0,100.0
16,65.07,30.22,0,1207.32,7.24,443,0,95.72
9,17.09,19.57,0,717.45,19.07,443,0,100.0
11,38.01,23.07,1,1046.57,2.04,8080,0,83.79
21,19.1,11.6,0,706.27,1.1,80,0,82.8
13,45.61,16.48,1,977.77,0.77,443,0,88.41
14,11.02,34.66,0,980.5,7.07,80,0,89.47
17,37.21,25.33,0,990.52,21.6,443,0,100.0
15,16.91,21.17,0,877.57,0.43,443,0,82.7
14,26.9,23.84,0,1075.47,2.39,443,1,89.11
15,14.53,29.89,0,875.67,11.82,443,0,100.0
23,42.34,29.4,0,1142.71,17.48,443,0,92.16
13,17.45,24.25,0,476.02,16.47,443,0,89.89
14,38.28,35.93,0,869.66,15.37,80,0,92.38
18,24.84,34.7,0,856.66,1.39,443,0,78.72
18,28.28,29.13,1,612.7,5.06,443,0,78.56
18,32.22,25.55,0,915.92,41.83,443,1,74.12
16,18.57,31.57,0,501.98,45.0,443,0,92.07
9,33.16,28.14,0,669.16,9.22,443,0,99.19
20,52.96,35.61,0,400.18,12.35,443,0,97.66
9,18.33,34.0,0,1111.73,30.22,443,0,100.0
15,47.58,14.82,0,753.69,5.98,443,0,100.0
10,52.47,14.14,0,1233.38,1.47,443,0,91.45
13,17.76,17.99,0,960.59,11.05,8080,0,89.35
15,8.17,34.76,0,889.62,32.21,443,0,100.0
15,34.53,9.24,0,682.75,11.95,80,0,82.99
15,21.79,28.95,1,590.73,16.26,80,0,78.21
20,58.03,28.63,1,904.59,5.49,443,0,86.61
15,30.52,36.63,0,785.7,1.01,443,0,85.44
13,17.97,26.8,0,532.15,1.85,443,0,90.48
17,12.79,11.57,0,496.63,40.54,443,0,81.5
18,46.35,15.41,0,608.26,6.8,443,0,93.7
9,21.43,13.18,0,1164.19,0.12,443,0,84.31
16,30.66,19.62,0,1242.66,31.09,443,0,100.0
16,44.34,23.17,0,841.0,6.89,443,0,78.05
12,22.74,13.35,0,829.79,18.1,443,0,88.61
19,29.31,39.71,0,732.74,7.95,22,1,86.65
13,29.75,11.75,0,613.1,1.07,443,0,92.31
14,40.25,38.46,0,1075.04,9.56,443,0,99.27
13,38.86,36.85,0,1174.72,59.52,80,0,92.66
14,26.7,33.98,0,621.32,0.35,80,0,88.71
9,30.95,18.06,0,783.43,18.44,443,0,96.91
8,24.42,28.42,0,710.03,2.69,443,0,98.43
20,7.84,12.23,0,715.95,5.01,443,0,92.69
10,33.86,34.11,0,1037.18,4.66,443,0,93.88
10,58.38,24.26,0,537.61,22.91,443,0,96.47
5,16.74,20.91,0,893.29,7.02,443,0,73.56
11,18.4,12.76,0,945.65,5.93,443,0,86.49
8,16.94,0.22,0,771.57,17.04,22,0,93.76
20,40.87,14.61,0,978.61,0.5,443,0,87.08
18,36.73,36.13,0,829.53,0.9,443,0,87.12
11,27.62,20.97,1,1043.43,0.22,8080,0,93.75
23,16.23,23.31,0,495.56,11.65,443,0,93.98
17,31.39,31.56,0,730.24,7.46,443,0,94.67
12,6.53,43.06,0,785.64,20.88,443,1,82.08
4,32.15,38.25,0,265.56,6.9,8080,0,75.82
23,43.07,15.28,0,582.81,2.51,443,0,98.04
8,11.23,5.57,0,637.28,16.36,443,0,82.58
7,7.01,48.6,0,989.64,3.49,80,0,81.88
18,53.69,47.69,0,658.63,27.44,443,0,80.98
23,20.82,26.88,0,636.38,2.88,80,0,100.0
19,47.04,12.3,0,963.5,1.84,8080,0,92.12
16,27.69,34.63,0,476.42,6.8,443,0,93.43
16,27.57,23.92,0,385.75,0.52,443,0,96.9
17,36.58,23.87,0,727.68,0.37,80,1,89.58
17,16.74,33.94,0,510.46,6.85,443,0,100.0
15,31.99,28.34,1,518.06,2.42,80,0,78.03
14,24.28,13.14,0,914.69,0.09,443,0,79.14
13,10.19,21.75,0,975.19,3.51,443,0,78.59
10,35.06,31.61,0,957.77,6.49,443,0,94.22
12,26.05,30.1,0,1021.76,5.01,443,0,95.06
7,27.64,27.62,0,1048.23,1.46,443,0,85.27
13,11.85,34.33,0,374.28,8.67,443,0,87.68
10,53.87,21.38,0,890.08,12.39,443,0,100.0
9,43.15,26.79,0,694.08,11.26,443,0,83.06
14,44.46,8.76,2,650.52,5.0,80,0,92.95
19,25.42,20.5,0,912.08,1.48,80,0,83.14
17,4.06,32.64,0,453.94,6.92,443,0,100.0
7,59.29,21.1,0,449.78,22.11,443,0,96.28
10,29.08,20.34,0,926.71,6.32,443,0,76.01
17,18.77,14.59,0,897.56,2.18,443,0,87.39
10,36.25,35.03,0,827.35,0.98,443,0,69.21
13,47.51,30.48,0,624.02,28.81,80,0,99.0
16,29.65,33.25,0,948.77,13.59,443,0,100.0
10,49.18,7.74,0,936.06,3.75,80,1,68.2
14,46.24,23.4,1,817.06,3.5,80,1,75.73
8,13.85,22.2,0,564.54,22.56,443,1,91.67
11,19.89,22.19,1,714.95,1.95,443,0,89.82
15,44.36,18.84,2,967.57,7.66,443,0,85.89
7,10.69,21.54,0,1065.44,12.5,443,0,72.62
15,27.76,33.5,0,734.69,5.05,443,0,93.23
13,8.54,5.87,0,750.07,0.41,443,0,98.88
16,22.85,42.77,0,767.66,2.58,443,0,100.0
14,25.52,29.84,0,854.98,23.21,443,0,100.0
19,24.63,24.58,0,683.79,7.4,443,0,77.01
14,21.72,34.07,0,221.16,16.9,443,0,89.88
12,13.54,10.48,0,1038.55,8.11,443,0,95.92
14,64.38,18.35,0,1158.94,28.75,443,0,83.12
16,58.01,23.79,0,677.52,23.98,443,0,97.8
14,12.57,38.66,0,586.67,6.59,80,0,97.03
14,53.73,24.54,0,772.58,3.83,80,0,100.0
11,24.01,29.5,0,762.5,9.2,443,0,98.02
11,31.94,19.1,0,999.1,11.24,443,0,92.85
8,29.05,29.87,0,810.93,6.9,80,0,83.62
20,20.1,41.77,1,641.48,17.28,443,0,77.07
9,44.76,34.96,0,536.32,2.03,443,0,92.19
11,31.89,24.19,0,973.13,4.07,80,0,85.96
11,22.85,31.75,0,919.9,11.6,443,0,86.93
17,10.43,30.78,0,1012.11,2.83,443,0,100.0
12,16.6,30.07,0,606.36,5.8,8080,0,100.0
18,5.38,36.12,0,1167.69,33.17,443,0,77.65
11,30.18,36.04,0,451.26,9.83,22,0,87.9
15,12.05,23.73,0,941.92,29.77,443,0,85.67
10,26.02,31.42,0,418.08,12.82,443,0,93.15
22,50.55,21.17,0,641.93,12.9,443,1,67.34
9,47.99,15.77,0,1112.2,8.96,80,0,75.39
15,29.52,22.31,0,966.27,1.53,443,1,88.83
16,28.69,24.24,0,690.76,7.33,443,0,97.86
15,58.2,8.38,0,696.23,2.91,80,0,90.75
13,37.81,33.6,0,820.12,66.24,443,0,96.72
13,25.08,2.67,0,902.83,3.11,443,0,91.97
14,8.61,52.15,0,1050.32,2.62,443,0,100.0
13,35.91,40.02,0,708.75,9.78,443,0,100.0
17,42.44,22.39,0,477.64,7.15,80,0,82.4
22,20.53,25.09,2,831.39,0.22,443,0,98.84
11,34.37,28.03,0,708.51,1.39,443,0,95.08
8,24.55,19.11,0,539.87,16.66,443,0,100.0
13,27.24,26.93,0,859.53,6.61,443,0,82.02
23,7.32,23.56,0,757.38,1.58,443,0,88.83
10,26.67,24.06,0,861.3,6.26,443,0,79.68
20,44.54,26.81,0,621.11,2.92,8080,0,80.27
20,20.53,11.86,0,897.34,2.53,80,0,93.86
11,30.79,25.4,0,536.58,31.64,443,0,92.06
16,18.66,26.63,0,634.45,4.49,443,0,95.41
20,35.41,26.29,3,751.42,0.48,443,0,95.2
12,26.75,22.84,0,1148.36,35.18,443,0,87.64
13,15.91,36.38,0,956.97,15.84,443,0,87.57
11,49.99,21.46,0,1015.44,2.94,443,0,80.29
9,43.93,27.27,0,1083.42,5.26,443,0,82.99
11,20.93,37.97,0,1520.57,19.83,443,0,89.43
9,37.47,24.21,0,808.32,4.42,22,0,91.97
14,38.06,27.14,0,1084.08,8.38,443,0,97.11
10,39.63,24.04,0,1002.53,7.65,443,0,96.09
14,4.59,37.37,0,999.21,5.13,443,0,100.0
7,45.1,22.42,0,1154.85,10.2,443,0,80.27
15,21.45,37.83,0,716.14,6.41,8080,0,87.67
17,24.63,23.96,0,700.26,0.21,443,0,81.15
6,69.57,16.41,1,863.95,16.84,22,0,100.0
15,34.53,31.79,0,763.46,1.2,443,0,84.98
18,24.21,21.95,0,863.7,6.24,443,0,100.0
9,3.08,31.21,0,1112.55,8.67,443,0,100.0
20,50.85,2.29,0,704.37,12.22,80,1,94.13
15,9.82,25.05,0,739.06,5.29,443,0,92.93
11,14.95,20.4,0,834.86,13.3,8080,0,90.39
13,25.03,14.37,0,754.34,1.41,443,0,86.83
16,51.25,19.47,0,417.2,10.6,443,0,85.63
14,41.6,19.26,0,683.97,17.51,443,0,88.53
16,27.63,24.52,0,937.47,22.02,443,0,100.0
10,34.62,11.33,0,1087.51,8.66,443,0,79.58
14,20.99,28.16,0,569.08,3.75,80,0,92.05
8,32.09,38.66,0,568.14,1.78,443,0,97.11
13,31.1,27.81,0,806.05,4.24,443,0,87.16
10,44.53,33.09,1,384.88,7.76,443,0,94.16
11,44.51,35.95,0,711.01,2.19,443,0,74.95
18,37.41,37.36,0,452.79,30.47,443,0,100.0
18,24.56,43.7,0,1073.81,22.74,443,0,100.0
16,41.13,20.01,0,646.13,0.34,80,0,89.02
9,28.62,17.82,0,1130.57,8.25,443,0,81.2
12,13.77,32.83,1,1022.7,15.57,80,0,97.93
18,23.95,32.08,0,670.74,2.82,443,0,78.52
14,31.27,32.76,0,585.61,7.42,443,0,79.95
23,43.65,43.89,0,761.29,5.21,443,0,89.46
15,27.25,25.11,0,779.07,2.19,80,0,100.0
14,11.86,29.26,0,869.23,9.54,80,0,96.41
12,30.85,15.2,0,644.69,50.66,443,0,83.53
14,31.7,46.35,0,949.28,4.55,443,0,73.18
13,32.79,21.63,0,853.07,8.04,443,0,90.42
16,43.8,21.92,0,731.92,3.97,80,0,92.51
17,45.28,21.53,3,657.59,20.95,80,0,89.27
10,21.09,18.55,0,763.02,20.0,443,0,100.0
8,20.76,17.71,0,636.62,1.97,443,0,88.68
6,14.4,19.76,0,811.69,23.02,80,0,67.18
16,40.48,11.34,0,817.09,1.64,443,0,85.93
9,51.73,17.15,0,852.34,1.0,443,0,94.55
5,25.27,44.49,0,1153.25,10.58,443,0,93.87
15,26.38,32.36,0,773.51,4.88,443,0,88.23
23,52.0,34.26,1,1000.92,7.57,8080,0,86.58
13,37.58,36.77,0,845.92,10.57,22,0,70.0
17,36.54,43.34,0,752.35,0.54,443,0,90.86
14,12.14,7.29,0,776.17,3.47,443,0,86.61
13,40.18,12.7,0,788.23,6.18,80,0,92.49
17,16.06,16.96,0,855.95,3.1,443,0,94.91
12,12.99,20.3,0,608.14,0.5,443,0,100.0
15,24.8,21.99,0,506.93,0.91,443,0,80.44
15,21.21,20.53,0,930.86,16.18,443,0,77.06
11,26.68,27.19,0,979.62,24.23,443,1,84.26
17,8.39,25.35,0,949.13,1.65,443,0,82.64
13,44.38,17.77,0,830.99,2.87,443,0,81.75
10,46.92,3.24,1,953.44,10.56,80,0,100.0
16,0.79,15.07,0,942.69,30.85,22,1,91.48
10,44.68,19.51,0,957.53,3.56,80,0,100.0
14,17.84,22.53,0,628.09,19.32,443,0,89.97
13,42.85,13.7,0,580.61,7.05,443,0,78.28
18,28.97,20.09,0,722.29,31.36,80,0,81.92
15,30.43,13.69,0,796.52,1.46,22,0,100.0
13,27.22,23.74,0,751.62,36.37,443,0,78.66
17,48.18,14.27,0,424.66,5.82,443,0,95.58
19,11.41,16.51,0,1144.34,30.56,443,0,86.43
16,39.12,11.91,0,745.19,6.14,443,0,80.7
14,46.52,23.46,0,834.54,7.55,443,0,100.0
8,40.75,16.34,0,1048.91,16.34,8080,0,84.11
9,64.87,34.07,0,331.01,12.82,443,0,81.72
12,22.07,29.06,0,697.66,9.67,443,0,89.21
11,44.36,24.3,0,722.58,5.4,8080,1,84.92
13,28.41,17.03,0,732.74,15.72,443,0,100.0
14,48.5,28.81,0,765.3,29.61,80,0,100.0
16,29.88,31.91,0,1089.43,0.1,443,0,84.09
13,24.18,26.43,0,934.69,8.86,8080,0,85.25
15,49.59,41.04,1,991.61,20.1,443,0,69.81
14,22.63,29.6,0,809.42,10.59,8080,0,91.37
6,8.81,34.14,0,520.13,16.14,443,0,82.53
10,22.25,26.34,0,384.06,22.54,443,0,90.88
13,39.29,31.76,0,494.12,13.9,443,0,70.34
9,50.88,17.03,0,871.95,12.62,443,0,89.73
16,31.67,20.42,2,806.35,33.45,443,0,100.0
20,49.77,28.49,0,757.97,19.93,8080,0,90.54
18,9.63,28.42,0,726.28,16.89,443,0,82.25
13,23.35,30.08,0,1202.34,0.9,443,0,89.8
19,25.67,36.0,0,635.42,2.73,443,1,89.36
14,28.28,10.75,0,985.56,8.14,80,0,100.0
12,31.26,15.26,0,800.38,12.36,443,0,86.67
11,40.36,27.3,0,787.81,3.61,8080,1,77.97
12,23.33,17.76,0,1035.33,0.98,443,0,90.21
12,32.09,58.78,0,1092.51,3.73,443,0,91.96
14,29.32,30.16,0,752.09,14.74,443,1,95.62
14,16.11,24.22,0,959.84,20.99,80,0,97.56
14,28.29,19.85,0,872.78,24.41,443,0,100.0
15,27.85,20.2,0,801.49,4.76,80,0,84.04
18,27.52,25.3,0,840.85,4.66,443,0,83.13
17,30.48,26.12,0,662.4,5.22,443,0,71.46
8,31.14,20.43,0,738.78,4.71,22,0,96.62
3,23.52,22.27,0,683.87,10.97,443,0,81.13
17,49.09,38.44,0,980.28,4.44,443,0,98.92
8,12.46,38.85,0,780.96,0.21,80,0,85.08
13,19.19,27.52,1,540.46,5.78,443,0,100.0
9,71.7,11.59,2,655.31,2.54,443,0,75.66
6,14.43,30.39,0,160.15,0.29,443,0,100.0
16,9.69,40.54,0,701.1,6.36,8080,0,99.04
17,41.02,38.7,0,807.53,2.31,80,0,95.27
11,1.16,32.34,0,772.77,6.03,443,0,78.83
3,26.47,39.22,0,1196.03,3.25,443,0,95.31
11,62.19,25.53,0,914.98,9.26,443,1,91.27
15,6.83,31.28,0,906.09,46.97,80,0,71.7
8,0.27,18.19,1,471.35,7.92,443,0,100.0
14,7.51,27.92,0,727.07,10.41,80,0,86.54
13,43.48,38.3,0,702.67,25.17,443,0,100.0
16,46.87,19.11,0,642.78,4.68,443,0,89.32
14,22.31,16.39,0,640.02,1.82,443,0,99.82
10,40.25,25.97,0,438.38,3.32,443,0,81.4
18,50.85,22.73,1,544.83,5.15,80,0,92.14
13,56.81,31.49,0,974.82,10.36,80,0,91.44
13,26.3,20.47,0,771.42,0.05,443,0,86.76
10,4.52,42.18,0,698.72,19.2,443,0,81.31
12,17.69,12.1,0,798.92,0.79,80,0,59.33
10,23.6,37.54,0,1033.48,23.09,443,0,81.54
13,26.12,17.35,2,800.84,29.84,443,0,97.01
20,27.18,7.04,0,908.07,46.16,443,0,76.05
8,46.78,27.38,0,630.68,16.58,80,0,78.12
7,49.12,22.45,2,676.27,1.53,443,0,75.65
19,27.42,13.9,0,870.8,12.25,80,0,92.09
13,46.48,8.19,0,1178.53,2.27,80,0,81.07
11,35.36,24.92,1,1085.95,22.74,80,0,100.0
18,30.97,34.76,0,916.57,3.81,8080,0,97.35
11,43.6,30.85,0,830.29,3.96,80,0,92.0
21,31.08,25.57,0,1080.21,24.97,443,0,93.04
16,60.87,29.79,0,958.94,0.13,443,0,82.37
12,8.42,24.73,0,341.27,2.16,443,0,82.37
22,22.27,10.7,0,589.21,5.48,443,0,97.11
11,28.1,10.79,0,867.63,12.06,443,0,99.13
16,36.59,22.97,0,442.61,10.43,443,0,97.02
15,49.02,23.39,0,620.48,11.07,443,0,85.29
19,29.63,33.51,0,660.04,21.2,443,0,86.09
20,8.67,32.57,0,748.77,1.29,80,0,80.68
14,42.64,31.05,0,742.51,7.38,80,0,97.68
10,41.32,22.2,0,742.18,12.93,22,0,70.39
15,0.87,11.19,0,965.06,10.11,443,0,67.96
11,29.94,29.12,0,746.96,5.95,443,0,69.95
22,6.15,30.25,0,723.07,0.17,443,0,68.57
14,20.03,1.11,0,530.17,0.62,443,0,100.0
12,16.46,16.66,0,1004.87,1.27,443,0,97.87
14,42.14,18.09,0,665.7,4.2,443,0,78.01
8,31.75,26.18,1,582.59,1.25,443,0,88.94
10,10.72,16.97,0,842.62,5.55,80,0,100.0
18,43.2,24.62,1,646.61,1.97,80,0,95.0
11,8.49,22.89,0,694.81,15.1,443,0,100.0
9,34.95,23.41,0,851.69,20.52,443,0,88.86
16,17.79,17.84,0,734.7,4.94,443,0,83.45
18,24.51,18.61,0,1262.32,7.16,443,0,79.19
16,37.56,14.2,0,785.03,30.68,8080,0,90.24
17,37.82,28.8,0,923.57,7.67,80,0,99.36
10,50.05,30.71,0,411.66,53.13,443,0,90.99
8,28.77,17.29,0,627.87,1.53,443,0,86.42
20,34.6,40.21,0,582.62,19.82,443,0,100.0
12,23.43,21.85,0,609.12,6.88,443,0,95.29
12,32.73,40.3,0,883.11,0.23,22,0,88.87
19,36.59,18.58,0,1007.11,35.84,80,0,82.33
16,28.53,4.73,0,868.93,33.54,443,0,87.46
15,2.94,29.02,1,754.67,4.83,443,0,94.73
22,34.97,27.49,0,673.83,30.82,80,0,82.2
11,35.47,25.34,0,1022.72,1.52,443,0,77.66
17,19.8,18.58,0,1214.25,11.4,443,0,85.2
14,10.73,24.65,1,827.01,2.13,443,0,89.51
15,52.14,19.89,0,987.87,2.83,443,1,100.0
20,37.37,21.98,0,868.67,15.11,443,0,78.4
16,26.56,33.42,0,951.1,4.74,443,0,92.27
16,12.94,26.84,0,567.09,0.07,443,0,87.22
18,17.67,31.1,0,702.37,5.35,443,0,87.72
12,49.54,22.68,0,879.09,2.59,443,0,100.0
10,32.06,21.58,0,1042.5,11.5,80,0,90.81
9,21.74,13.47,0,636.37,2.16,443,0,80.86
6,37.65,21.3,0,393.34,18.47,80,0,98.89
22,17.78,8.21,0,700.35,3.11,443,0,98.15
9,52.51,19.1,1,1002.03,4.99,443,0,79.99
13,50.29,24.18,0,483.22,3.54,80,0,78.07
12,23.0,30.64,0,564.62,10.33,443,0,94.11
15,20.57,22.31,0,831.18,1.07,443,1,89.67
17,9.27,28.48,0,776.81,6.5,443,0,85.29
17,7.78,3.2,0,918.89,4.07,443,0,100.0
11,9.91,24.43,0,554.25,21.55,80,0,84.08
13,32.03,8.2,1,735.0,0.76,443,0,94.22
15,25.11,12.92,0,1039.04,17.7,443,0,100.0
13,9.82,23.13,0,561.42,1.84,443,0,86.61
20,25.78,37.76,0,1095.38,0.93,443,1,71.71
15,37.58,28.71,0,586.52,2.26,80,0,85.97
16,37.92,25.18,0,969.88,1.08,443,0,91.89
16,1.5,24.8,1,725.41,7.36,443,0,100.0
18,28.08,17.86,0,571.02,44.41,443,0,84.79
14,9.25,19.56,0,700.62,0.35,443,0,100.0
8,43.53,29.27,0,908.99,6.18,443,0,77.01
15,41.76,11.15,0,798.63,4.88,443,0,91.64
11,16.53,30.93,0,1023.69,4.15,443,0,87.61
11,18.51,21.11,0,1087.15,4.03,80,0,100.0
16,23.08,33.26,0,563.39,22.54,80,1,75.26
18,3.79,34.61,0,548.75,0.19,443,0,94.26
14,35.04,8.27,0,539.04,14.91,443,0,87.56
15,25.91,19.18,0,620.16,2.92,443,0,100.0
20,44.55,16.44,0,1020.84,4.83,443,0,81.71
14,13.52,6.87,0,912.07,5.45,80,0,94.15
23,20.71,14.67,0,690.99,3.63,8080,0,81.62
16,7.4,49.41,0,797.78,0.98,443,0,91.88
6,14.94,31.1,0,1080.86,1.21,443,0,86.31
17,12.27,44.17,0,1181.6,3.54,443,0,86.15
15,44.94,33.29,0,851.88,17.25,443,0,70.13
19,19.53,17.58,0,268.14,1.45,443,0,94.15
16,31.86,21.18,1,859.46,13.57,443,0,79.18
13,24.29,30.88,0,986.95,3.41,443,0,78.83
9,10.96,29.38,1,844.93,21.5,443,0,74.45
13,27.48,19.23,0,945.3,5.59,443,0,79.44
10,38.99,9.9,0,871.41,1.88,443,0,95.0
11,11.88,57.88,0,553.07,42.58,80,0,94.51
16,42.14,23.59,0,622.75,1.94,80,0,96.64
20,17.25,21.74,0,735.77,8.38,8080,1,79.73
15,22.76,26.13,0,1013.08,8.42,443,0,92.15
9,37.96,22.57,0,646.82,4.67,443,0,83.85
15,20.05,26.23,0,891.18,30.26,443,0,99.55
18,30.56,37.87,0,860.74,18.57,80,0,94.26
11,25.28,23.75,0,1117.24,17.71,443,0,83.43
13,31.94,13.37,0,791.66,36.56,443,0,100.0
14,5.71,23.38,0,449.05,6.11,443,0,95.07
10,2.55,20.36,2,929.37,1.02,8080,0,76.13
16,39.24,39.24,0,1227.61,14.5,80,0,73.28
13,45.56,36.71,0,942.48,4.79,443,1,76.52
15,16.34,26.08,0,642.47,2.11,80,0,100.0
10,26.34,12.21,0,583.61,6.6,443,0,79.85
12,34.42,12.74,0,609.41,26.0,443,0,100.0
16,40.4,25.15,0,1200.66,1.88,80,0,79.33
12,0.42,28.36,0,734.53,18.88,443,0,78.26
20,16.71,21.25,0,667.47,5.42,443,1,98.8
12,25.01,20.2,0,768.31,1.47,80,0,99.26
14,40.55,19.07,0,736.62,18.86,443,0,95.56
17,67.48,24.77,0,1113.53,34.94,8080,0,96.76
8,26.58,1.17,0,597.1,3.44,443,0,81.98
6,8.9,13.99,0,1036.13,3.62,443,0,98.33
7,36.03,18.73,0,824.42,4.95,443,0,92.4
19,49.81,37.08,0,1041.41,16.83,80,0,86.35
11,31.62,16.86,0,1116.52,0.1,443,0,90.95
23,16.4,26.8,0,816.96,2.54,443,0,100.0
11,44.37,27.27,0,736.99,12.24,443,0,93.92
14,39.95,37.98,0,813.24,5.2,80,0,68.42
20,14.61,37.63,0,781.05,4.01,443,0,98.91
22,35.72,24.42,0,468.61,20.58,443,0,98.15
22,44.96,20.25,0,1110.5,24.93,443,0,86.21
18,47.73,18.36,0,849.16,29.56,443,0,91.17
18,29.0,22.59,0,567.38,3.18,443,0,91.13
16,24.63,20.66,0,386.5,24.36,443,0,70.21
17,48.41,30.54,2,334.48,13.35,80,0,85.98
11,11.85,29.2,0,954.1,1.67,443,1,86.37
10,36.58,30.92,0,676.2,9.42,443,0,88.41
13,9.45,37.59,0,709.02,0.27,443,0,84.74
13,45.98,43.63,0,897.63,12.32,8080,1,96.63
12,26.13,26.25,1,696.79,13.23,443,0,81.91
16,49.03,35.99,0,909.3,15.58,80,0,99.1
17,37.37,21.48,0,819.05,1.89,80,0,96.16
14,11.65,36.85,0,783.17,9.9,443,0,100.0
19,51.37,35.62,0,485.45,1.97,443,0,100.0
9,53.27,35.08,0,636.05,29.31,443,0,100.0
13,43.23,25.94,0,920.51,11.24,80,0,78.14
11,18.58,18.32,0,663.6,1.0,80,1,93.44
6,25.41,11.05,0,1041.07,2.07,80,0,82.82
13,32.18,24.6,0,1269.28,10.89,443,0,100.0
13,19.44,40.33,0,931.28,6.48,443,0,96.14
20,55.39,21.9,0,1098.57,13.33,443,0,100.0
16,32.16,32.85,0,944.15,3.3,443,1,94.35
9,10.55,33.44,0,693.15,10.73,443,0,63.65
21,35.09,22.16,0,840.03,1.95,443,0,82.16
18,24.78,38.16,0,1202.66,7.85,443,0,83.14
16,28.88,4.09,0,695.29,31.65,443,0,86.1
13,24.47,12.77,3,592.13,9.89,443,0,93.6
10,42.11,15.84,0,573.16,0.51,80,0,95.01
12,46.8,16.8,0,756.49,44.88,443,0,63.73
18,34.25,28.36,0,599.31,1.71,80,0,87.63
21,24.91,27.9,0,1134.8,12.66,443,0,85.14
20,29.38,28.94,1,843.27,7.6,443,0,100.0
12,30.29,30.96,1,994.35,3.49,443,0,95.92
9,17.96,15.5,0,740.27,1.95,443,1,88.17
14,38.68,12.82,0,571.96,1.96,443,1,92.24
6,36.9,28.96,0,538.12,19.55,80,0,73.13
15,53.11,18.7,0,618.4,20.63,443,0,96.61
13,48.83,9.3,0,869.51,6.26,443,0,86.04
12,19.71,34.71,0,903.98,1.09,443,0,81.93
7,42.3,38.95,0,920.64,21.56,443,0,100.0
16,15.74,40.57,2,502.27,6.68,443,0,92.74
11,40.44,26.87,2,799.92,5.78,443,0,83.35
9,22.25,31.26,1,594.79,5.23,443,0,83.96
2,14.65,38.7,0,880.29,4.54,443,0,93.66
13,34.2,18.59,0,895.82,7.47,443,0,92.88
21,10.12,36.11,0,565.57,9.28,443,0,90.29
20,3.74,27.75,0,993.61,6.28,443,0,77.97
12,27.34,34.14,0,1267.76,22.7,443,0,79.45
11,31.24,26.86,0,966.97,3.82,80,0,82.52
15,24.46,37.96,0,767.43,8.63,443,0,88.04
10,6.31,27.24,0,736.69,3.57,443,0,89.59
15,17.73,10.16,0,758.19,14.0,443,0,88.4
17,35.87,39.52,0,647.85,1.08,80,0,88.86
18,38.73,15.52,0,850.48,2.09,22,0,100.0
13,29.76,37.53,0,572.31,16.15,443,0,98.49
13,47.35,24.1,0,422.06,2.02,443,0,100.0
10,35.96,36.76,1,843.92,9.83,443,1,94.64
10,18.79,36.35,0,804.25,35.15,443,0,90.72
13,25.79,29.3,0,685.77,7.4,443,0,94.1
15,8.96,30.09,0,543.46,2.08,443,0,92.26
17,28.38,29.23,0,857.95,3.87,443,0,98.08
10,46.68,4.86,0,601.96,17.34,443,0,80.25
19,40.28,26.18,1,772.21,4.33,80,0,97.25
12,51.03,13.84,1,1152.99,12.86,443,0,91.67
13,25.46,26.71,0,930.24,15.02,443,0,71.93
11,50.19,13.57,0,526.17,6.96,443,0,90.86
4,27.1,13.15,0,545.03,15.29,22,0,76.94
17,52.07,41.05,0,830.36,3.81,443,0,84.65
16,29.67,35.69,0,524.94,7.26,443,0,88.41
12,40.61,24.96,0,399.65,11.6,80,0,74.93
14,52.13,26.85,0,906.47,1.84,443,0,89.46
16,27.1,22.52,0,864.19,3.2,443,1,90.68
7,33.28,30.7,0,890.12,10.56,443,0,97.55
11,49.33,18.24,0,852.61,10.65,80,0,85.46
17,28.0,34.94,0,786.94,6.8,8080,0,92.74
8,10.19,22.47,0,667.56,15.88,80,0,89.05
15,62.15,20.8,0,903.23,6.58,8080,0,85.82
8,22.95,25.22,0,1105.98,21.31,443,0,73.29
15,32.38,19.09,0,699.75,13.31,22,0,88.88
13,47.34,28.29,0,595.85,3.78,443,0,97.45
7,20.87,19.63,0,572.98,5.03,22,1,80.66
18,14.88,29.69,0,626.65,11.02,443,0,87.82
11,33.81,37.16,0,840.52,22.49,80,0,89.3
10,3.1,17.81,0,372.07,1.97,443,0,100.0
14,25.68,23.69,0,887.83,7.23,443,1,90.3
18,33.68,29.61,0,928.78,1.26,443,0,92.88
9,25.95,20.64,0,440.38,3.28,443,0,89.91
14,6.85,29.64,0,604.16,11.58,443,0,85.08
15,53.91,30.55,1,815.94,0.81,8080,0,78.66
16,31.55,35.83,0,771.31,10.86,443,0,87.15
14,51.47,18.94,0,903.93,23.11,22,1,93.93
12,26.1,15.57,0,771.77,34.86,8080,0,91.23
10,16.8,21.92,0,1052.95,2.44,443,0,100.0
14,34.04,15.32,0,735.77,13.82,443,0,99.46
9,26.76,30.64,0,603.39,26.09,443,1,100.0
2,12.33,13.38,0,587.31,0.96,443,0,69.68
15,52.05,48.33,0,947.09,5.34,443,0,100.0
17,20.67,37.96,0,805.92,25.18,443,0,92.67
4,2.4,25.13,0,926.74,2.27,443,0,94.09
9,49.92,33.67,0,922.62,27.14,443,0,98.96
16,22.44,8.63,0,396.03,7.49,443,0,90.21
22,20.88,50.23,0,571.98,1.05,443,0,79.3
14,3.52,19.1,0,595.87,5.98,80,0,100.0
11,56.11,23.8,0,636.79,3.95,443,0,82.32
13,10.66,6.44,0,715.93,3.32,443,0,80.14
19,30.88,29.86,0,999.83,7.8,443,0,87.66
11,43.69,13.94,0,1039.7,6.61,80,0,86.14
10,36.33,26.02,0,741.42,6.58,443,0,90.04
12,29.11,19.56,0,749.74,0.92,443,0,89.02
10,4.48,14.22,0,658.91,16.21,443,0,100.0
14,17.85,16.96,0,817.84,6.57,22,0,94.59
20,32.82,27.26,0,840.5,17.2,22,0,81.42
15,18.19,12.19,1,961.3,17.41,443,0,82.79
12,33.05,17.51,2,959.69,3.81,80,0,86.12
12,40.23,31.63,0,339.58,0.04,443,0,86.16
7,44.44,51.02,0,769.49,24.22,443,1,84.85
17,11.61,29.78,1,1076.82,14.3,443,0,78.98
13,62.95,15.83,0,712.38,1.13,443,0,92.9
13,41.51,21.33,0,1027.85,12.1,80,0,85.44
23,29.97,25.32,0,738.71,0.2,22,0,80.48
15,46.34,21.51,0,834.98,0.28,443,0,94.85
10,65.48,34.03,0,572.62,7.46,443,0,98.48
12,8.42,27.17,0,580.15,1.01,443,0,87.54
18,26.62,34.08,0,945.1,33.34,443,0,100.0
14,5.68,21.86,0,976.36,22.43,22,0,100.0
8,32.89,38.26,0,805.29,10.49,80,0,94.97
17,35.48,23.34,1,554.5,0.66,443,0,85.31
11,29.41,15.29,0,808.76,3.93,443,0,92.69
21,20.18,46.77,0,1051.45,4.65,80,0,77.76
18,0.74,6.75,0,1148.57,6.56,443,1,81.28
12,35.6,17.61,0,736.66,1.85,8080,0,73.17
19,51.83,18.73,2,468.03,8.62,443,0,83.72
14,21.13,50.08,0,968.07,5.72,443,0,77.67
17,36.6,43.07,0,744.81,29.43,443,0,96.24
15,6.48,39.94,0,988.61,27.52,443,0,82.51
10,36.86,21.69,0,856.21,8.33,443,0,92.77
11,24.1,49.26,0,623.31,10.34,443,0,97.48
18,18.56,28.68,0,811.65,1.48,80,0,100.0
12,18.59,34.77,0,1061.67,2.53,443,0,86.47
12,24.1,26.8,0,770.17,23.1,443,0,93.11
10,35.74,24.51,1,593.04,12.01,80,0,93.43
15,10.32,22.48,1,482.27,2.1,80,0,100.0
22,24.04,22.9,1,645.57,8.44,443,0,97.84
9,29.38,31.08,1,717.97,27.3,80,0,100.0
14,13.51,28.67,0,964.0,4.23,8080,0,73.35
19,56.95,24.69,0,575.83,2.06,443,0,83.36
13,17.2,40.1,0,1110.75,28.48,443,0,100.0
15,19.96,4.67,0,532.57,6.19,443,0,95.81
9,15.33,30.1,0,1266.3,5.4,443,0,88.75
15,56.98,32.18,0,1145.1,3.11,443,0,85.26
13,38.29,36.47,2,828.23,22.22,443,1,97.89
17,15.95,24.35,0,470.46,18.68,22,0,70.2
18,46.59,27.08,0,788.92,5.16,443,0,97.92
23,33.01,34.86,0,722.63,0.31,443,0,90.91
16,33.86,39.91,0,545.14,5.92,80,0,85.11
15,24.83,21.99,0,858.2,1.99,443,0,95.02
14,18.76,27.67,0,635.27,1.54,443,0,86.14
12,35.07,41.79,0,657.02,4.99,443,0,90.29
15,21.82,3.76,0,759.26,1.04,443,0,89.54
12,57.25,18.1,0,685.02,31.57,8080,0,97.45
14,10.96,39.66,0,1215.63,0.49,443,0,91.59
19,53.04,35.93,0,692.86,5.13,80,0,70.91
9,28.33,30.22,0,888.18,1.78,443,0,76.08
18,34.49,20.51,0,829.1,11.67,80,0,79.16
19,42.5,16.18,0,870.55,0.82,443,0,94.57
13,20.55,19.09,0,885.82,7.91,443,0,95.57
5,42.96,40.48,0,976.27,14.83,8080,0,100.0
11,10.61,18.72,0,853.29,29.97,443,0,79.86
19,19.2,26.01,0,844.98,11.99,443,0,100.0
13,16.14,17.46,0,811.7,1.05,443,0,70.62
10,11.2,33.43,0,772.32,0.93,443,0,90.18
11,26.78,19.61,0,617.64,13.15,80,0,92.45
17,35.79,24.02,0,787.83,2.42,80,0,92.42
16,40.54,8.17,0,848.25,5.93,443,0,86.9
13,33.61,8.87,0,880.43,37.56,22,0,91.18
12,20.01,25.08,0,836.06,17.14,443,0,77.65
12,35.54,11.75,0,753.41,18.75,443,0,98.65
10,31.86,46.05,0,788.58,19.72,443,0,92.5
20,44.04,4.38,1,689.27,9.66,443,0,93.62
12,41.65,17.0,0,862.64,13.62,443,0,87.21
18,30.46,25.17,0,755.77,4.45,443,0,86.72
20,16.54,21.35,0,836.11,64.67,8080,0,95.25
17,20.21,13.96,0,1000.16,3.28,443,0,100.0
12,21.75,15.42,0,658.13,8.92,443,1,76.06
15,25.27,15.09,0,919.34,3.31,443,0,75.56
13,34.02,22.13,0,806.64,1.19,443,0,92.66
10,40.73,44.52,0,1204.24,8.38,443,0,86.68
15,29.23,25.78,0,756.74,4.36,443,0,91.24
9,30.24,36.83,0,939.03,8.75,443,0,89.76
18,32.15,30.07,0,803.07,8.18,443,0,96.22
12,22.26,36.14,0,522.34,7.81,80,0,87.14
14,16.12,3.0,0,695.86,1.32,8080,0,77.92
15,3.67,21.96,0,976.09,5.8,443,0,82.1
12,19.57,38.07,0,713.46,16.71,443,0,88.4
16,37.1,19.28,0,355.95,3.79,443,0,77.45
12,19.46,42.62,0,793.72,5.87,80,0,89.63
17,26.43,39.84,0,581.53,6.81,443,0,90.61
8,37.0,20.31,0,826.36,19.86,443,0,86.42
14,37.81,19.97,0,1110.23,10.66,443,0,92.09
21,13.81,14.86,0,953.89,1.06,80,0,73.86
9,44.96,18.7,0,1107.33,20.04,443,0,80.47
11,46.91,12.67,0,687.7,17.84,443,0,78.57
16,13.05,29.29,0,771.37,14.01,443,0,98.8
14,17.64,10.44,0,591.11,6.27,443,0,100.0
15,47.87,31.04,0,663.19,14.17,80,0,81.19
15,27.8,31.28,1,614.62,6.52,80,0,87.65
16,3.3,8.39,0,538.66,13.34,80,0,83.07
18,9.0,40.5,2,1073.17,21.21,443,0,92.21
15,26.26,30.14,0,381.61,22.12,443,0,83.92
13,12.55,32.5,0,1074.03,6.06,443,0,92.83
16,23.8,17.41,0,1049.21,19.61,443,0,96.65
21,30.49,31.22,0,899.96,1.07,80,0,77.76
13,51.93,36.26,2,577.1,1.07,443,0,92.72
10,25.64,24.01,0,483.56,7.95,443,1,72.06
18,46.09,45.02,0,690.32,10.55,8080,0,87.43
13,51.43,25.44,0,925.02,1.66,8080,0,86.76
5,51.51,36.41,0,800.61,6.39,443,0,87.71
17,34.27,27.93,1,591.3,0.99,443,1,86.88
11,0.55,30.86,0,1029.64,9.22,443,0,85.05
13,36.91,8.29,2,1136.88,19.32,22,0,87.34
15,45.73,28.71,0,754.68,13.38,443,0,92.38
14,28.78,17.65,0,821.87,4.75,8080,0,92.66
16,56.17,16.54,0,498.23,50.82,443,0,91.15
12,42.9,42.44,1,717.12,10.87,443,0,84.26
16,38.52,22.86,0,902.09,16.89,443,0,100.0
12,46.3,14.97,0,870.97,11.08,443,0,100.0
16,35.0,21.41,0,698.47,45.48,22,0,77.12
16,7.39,12.0,0,745.15,17.22,443,0,91.64
10,22.51,39.34,0,710.56,7.33,443,0,85.32
18,47.96,18.04,0,744.31,4.57,443,0,99.26
11,17.89,30.29,0,884.65,11.46,80,0,89.87
17,26.65,38.56,0,406.49,8.92,443,0,90.53
15,14.33,20.0,0,785.13,9.92,80,0,94.95
21,56.76,30.32,0,870.0,4.2,443,0,87.02
13,55.22,14.7,0,685.9,5.6,443,0,100.0
12,16.74,49.46,0,704.13,8.17,443,0,95.1
13,32.21,34.36,1,709.92,18.28,443,0,99.32
12,19.79,23.07,0,704.19,14.39,443,0,87.79
17,39.22,17.27,0,801.18,1.26,8080,0,88.77
7,37.65,23.86,0,825.8,2.82,443,0,98.12
9,42.18,21.6,0,379.9,0.27,443,1,97.11
9,34.98,44.53,0,930.58,0.08,443,0,77.51
17,74.03,12.74,2,742.0,2.54,443,0,91.28
20,14.58,26.35,0,1186.59,16.06,80,0,94.74
13,4.34,24.82,1,561.67,23.51,80,1,88.7
13,24.1,23.83,0,626.54,4.97,443,0,93.79
14,6.48,23.91,0,759.42,8.28,443,1,89.12
18,7.61,23.84,0,882.65,12.24,443,0,67.53
10,14.98,33.73,0,409.85,30.56,443,0,76.89
14,16.17,31.09,0,634.18,24.41,443,0,99.75
17,15.68,29.19,0,918.26,0.59,80,0,87.56
16,37.77,5.34,0,610.38,2.85,443,0,91.9
14,22.41,28.0,0,1074.01,0.5,443,0,89.96
18,27.31,8.44,0,709.22,9.59,443,0,81.75
3,43.41,31.46,0,620.13,12.4,443,1,85.33
16,18.51,39.74,0,922.05,3.69,443,0,93.29
11,26.03,15.74,0,1121.52,19.23,443,0,94.31
6,35.49,22.38,1,883.28,6.03,80,0,100.0
16,0.88,19.01,0,1052.09,64.26,443,0,85.22
19,5.77,37.35,2,1135.33,0.0,443,0,100.0
13,35.19,25.95,0,615.63,1.16,80,0,81.4
17,37.38,42.28,0,987.68,3.59,80,0,94.89
20,60.96,29.14,0,495.31,0.26,443,0,91.78
19,32.37,27.42,0,884.98,15.25,443,0,88.74
20,42.3,25.68,0,785.74,0.54,80,0,89.94
16,27.07,33.18,0,1048.59,13.82,443,0,83.77
14,34.46,7.62,0,1034.45,0.54,443,0,99.04
7,55.01,25.85,0,913.96,2.91,443,0,81.57
13,1.86,24.3,0,859.69,18.41,8080,0,93.18
10,36.2,32.25,0,901.67,30.18,443,0,97.56
22,62.03,23.12,0,812.35,5.35,443,1,100.0
13,34.23,14.61,1,787.76,35.05,443,0,99.72
14,54.76,25.07,0,1088.52,9.86,80,0,95.72
16,20.56,14.17,0,1112.58,5.38,443,0,83.62
14,29.52,5.75,0,771.67,16.24,80,0,82.14
20,30.5,32.27,0,847.53,3.5,443,1,78.61
11,3.26,30.79,0,816.33,3.09,443,0,77.66
14,12.48,29.67,0,477.66,10.69,80,0,89.99
11,13.55,38.03,0,732.71,4.95,443,0,82.73
8,42.33,18.35,0,1119.94,1.46,22,0,100.0
11,43.08,10.69,1,650.04,0.69,80,0,84.21
13,34.86,24.3,0,1222.91,15.5,22,0,90.94
12,42.36,21.52,0,1034.43,11.27,80,0,87.35
11,27.54,16.58,0,880.3,5.31,80,0,75.96
8,48.03,24.2,0,912.17,22.66,443,0,100.0
13,30.13,18.88,0,616.56,5.29,443,1,96.95
7,30.87,6.64,0,746.95,12.39,443,0,98.11
17,26.02,20.59,0,1088.28,23.98,443,1,95.95
14,40.27,13.64,0,677.09,18.37,80,0,82.41
8,23.68,27.32,3,1012.23,7.16,443,1,82.6
12,44.65,18.44,0,524.59,11.41,443,0,94.52
10,13.02,36.12,0,560.37,5.34,80,0,100.0
15,13.52,41.04,0,1180.28,10.42,22,0,93.86
19,40.31,31.79,1,797.63,2.98,80,0,99.78
6,28.67,9.49,0,692.3,5.7,80,0,84.74
14,23.19,40.05,0,1072.55,2.35,443,0,100.0
13,43.35,40.76,0,1049.16,0.39,80,0,85.81
16,20.89,25.19,0,984.15,8.88,443,0,92.4
14,27.0,38.23,0,686.02,19.98,8080,0,86.34
10,50.99,19.48,0,742.62,0.26,443,0,98.89
12,53.09,6.34,0,862.33,2.18,80,1,99.03
10,53.59,17.4,0,938.88,6.17,443,0,75.23
18,25.77,42.29,0,698.3,10.96,443,0,100.0
14,48.46,10.09,0,834.15,1.88,80,0,100.0
21,15.77,25.0,0,853.48,0.58,80,0,86.45
13,16.4,25.34,0,1057.35,7.32,80,0,88.73
11,5.26,19.87,0,950.89,17.08,443,0,100.0
7,55.09,20.56,0,498.64,0.36,443,0,90.67
6,17.04,25.72,0,757.27,4.3,443,0,89.96
7,28.1,19.38,0,614.24,10.89,443,0,100.0
15,16.35,10.78,1,913.62,1.4,443,0,76.46
16,40.43,27.15,0,984.63,2.69,80,0,82.11
7,24.37,35.73,0,820.31,7.67,443,0,94.18
17,10.43,33.7,0,746.37,30.63,80,0,73.8
12,36.62,16.9,0,813.83,3.39,443,0,86.27
14,8.49,12.49,0,841.78,6.69,443,0,86.18
20,17.44,22.16,0,671.98,5.11,443,0,99.62
17,1.6,40.68,0,556.26,22.77,80,0,96.93
12,8.64,31.46,0,389.97,0.75,80,0,73.17
10,32.68,32.04,0,1053.44,8.35,443,0,83.07
5,0.53,33.9,1,899.27,18.72,443,0,83.1
11,7.78,29.21,0,872.5,44.33,443,0,87.83
13,29.96,26.21,0,1053.04,12.0,80,1,79.02
10,21.85,31.62,0,548.91,4.78,80,0,94.52
13,59.88,19.54,0,452.87,5.31,443,0,83.06
14,57.51,10.86,0,876.85,4.33,443,0,95.89
13,16.98,32.23,0,858.65,9.25,443,0,89.97
11,38.36,37.38,0,453.74,13.45,443,0,80.27
14,41.24,13.82,0,871.9,17.12,443,0,100.0
15,21.04,33.22,0,719.96,5.39,443,1,100.0
9,7.57,41.81,0,638.58,12.61,443,0,92.9
19,29.82,24.98,0,733.32,24.8,443,1,87.61
13,27.41,16.82,0,311.69,25.36,443,0,79.44
14,23.46,26.23,0,681.73,12.17,443,0,100.0
16,36.63,19.49,1,659.14,10.13,443,1,98.23
14,18.74,18.83,0,911.42,7.58,443,0,81.86
17,12.72,29.33,0,768.35,2.02,443,0,83.13
15,31.64,8.96,0,927.77,1.32,443,0,94.57
11,35.79,10.56,0,290.09,6.65,80,0,78.25
15,12.35,25.19,0,632.18,1.74,22,0,83.74
9,43.92,24.78,1,911.2,8.6,443,0,79.59
14,3.44,28.44,0,738.23,10.38,443,0,79.92
13,21.33,43.75,0,969.09,7.46,80,0,82.8
13,26.13,26.05,3,439.08,0.37,22,0,99.06
13,20.46,30.98,0,946.22,0.59,443,0,72.45
6,21.52,15.24,0,672.17,1.2,443,0,94.33
11,58.07,32.68,3,652.76,1.67,80,0,92.58
14,17.24,19.74,0,998.21,45.93,443,0,99.68
14,66.62,25.71,0,1032.38,4.22,22,0,92.57
9,36.56,23.91,0,1006.94,3.45,443,0,86.21
19,31.38,35.33,0,1207.73,0.54,80,0,81.85
10,37.14,11.9,0,1053.36,10.09,443,0,99.9
17,67.95,2.17,0,640.91,10.56,443,0,94.97
15,15.1,22.87,0,828.33,1.93,8080,0,85.07
11,13.19,29.69,0,727.96,25.16,443,0,99.09
21,18.68,26.52,0,1205.82,16.12,443,0,85.54
9,30.48,37.32,0,1020.97,2.62,80,0,89.99
17,4.11,29.37,3,762.22,6.65,443,0,83.96
18,30.34,19.36,1,975.58,6.13,443,1,95.34
11,55.4,1.75,1,553.56,4.29,443,0,80.06
19,32.27,22.63,0,850.05,17.02,443,0,87.01
12,25.61,35.28,0,612.42,1.16,80,0,83.45
15,20.73,21.08,0,462.28,5.37,80,0,92.64
15,43.48,25.28,0,956.91,5.59,443,0,93.88
13,17.61,29.21,0,981.72,6.32,443,0,78.96
17,57.7,14.85,0,891.44,19.76,443,0,94.06
17,59.0,31.23,0,763.41,2.46,80,0,75.23
7,33.85,41.37,1,546.73,1.09,80,0,100.0
19,29.83,23.27,1,567.73,9.62,22,0,84.89
7,45.46,13.71,0,606.14,1.91,8080,0,100.0
18,46.42,24.33,0,753.27,0.78,443,0,92.01
18,17.91,2.76,0,1015.24,5.56,443,1,92.42
9,22.1,28.37,0,1012.08,2.48,443,0,78.34
12,10.16,29.52,0,470.29,4.48,443,0,98.43
9,36.14,41.76,0,661.35,3.01,443,0,90.49
13,40.0,23.06,0,655.97,0.97,80,0,94.7
12,9.75,29.08,0,293.68,8.22,443,0,89.09
17,23.17,16.39,1,913.22,0.27,443,0,91.3
19,9.79,21.44,0,750.77,33.92,443,1,81.13
19,16.52,9.75,0,777.37,4.18,80,0,88.47
11,38.27,23.05,0,1069.17,11.88,443,1,85.8
13,19.0,21.95,0,817.66,16.63,443,0,82.94
7,25.49,27.99,0,713.85,3.27,443,0,91.35
10,5.59,18.76,0,914.42,13.81,80,1,93.63
17,32.8,25.83,0,1011.77,17.86,443,0,92.51
20,29.34,21.67,0,859.29,2.76,22,0,88.98
9,19.07,21.69,0,937.84,48.92,443,0,94.11
11,27.16,25.8,0,770.89,0.21,8080,1,92.42
13,32.7,25.41,0,783.63,2.45,80,0,90.98
15,17.78,32.61,0,822.6,15.14,443,0,91.66
10,7.86,23.79,1,649.38,2.16,443,0,100.0
15,57.08,21.5,0,686.39,11.98,443,0,77.95
12,20.5,23.19,1,1075.58,19.35,80,0,86.81
13,28.55,17.85,0,1201.59,31.99,443,1,93.38
16,45.16,21.4,0,1118.44,6.43,443,0,74.17
14,82.94,45.31,0,535.35,35.44,443,0,100.0
12,11.33,15.87,0,516.03,5.3,80,0,92.55
13,36.75,22.21,0,561.86,2.46,443,0,99.57
13,19.39,21.13,0,826.88,7.21,443,0,100.0
12,21.92,22.53,0,238.26,10.49,443,0,94.12
12,19.2,21.69,1,682.24,6.12,443,0,67.67
20,13.12,27.79,0,1081.42,8.37,443,0,91.48
16,29.38,7.9,0,996.49,5.39,80,1,92.12
12,7.88,35.37,0,698.18,7.44,443,0,79.13
16,44.2,31.33,0,713.33,30.49,443,0,72.1
12,30.83,12.57,0,913.45,6.93,443,1,94.62
18,36.34,2.31,0,987.05,2.92,8080,0,77.51
15,23.01,15.23,1,693.37,14.22,443,0,100.0
13,24.49,22.57,0,753.13,4.12,8080,0,92.63
15,34.31,50.8,0,686.8,16.94,443,0,100.0
7,12.54,30.43,0,533.73,0.59,443,0,90.31
9,24.63,6.92,0,756.05,4.04,80,0,97.52
9,17.11,18.1,0,740.81,0.99,443,0,90.53
14,16.64,24.47,0,547.87,0.89,80,0,100.0
20,1.65,27.54,0,929.22,10.74,80,0,69.62
22,50.09,11.85,0,896.66,4.87,443,0,98.88
16,19.7,23.65,0,939.14,20.52,443,0,96.69
16,47.45,17.82,0,646.39,7.27,443,0,88.46
6,46.03,13.96,0,403.28,3.5,80,0,85.91
11,10.71,27.6,1,893.47,12.76,443,0,87.01
10,13.67,32.74,0,667.18,9.78,443,0,92.83
11,68.41,33.41,0,621.87,16.07,443,0,100.0
13,56.26,30.74,0,548.59,10.32,8080,0,84.66
12,29.53,20.03,0,744.94,1.83,443,0,72.98
6,33.86,32.15,0,1115.47,11.1,443,0,100.0
16,20.54,28.09,3,698.91,4.97,443,0,96.72
9,36.49,26.34,0,582.04,6.22,80,0,86.09
14,19.24,18.88,0,930.39,25.45,443,0,100.0
22,0.49,20.03,0,834.56,4.46,443,0,99.34
10,10.18,25.74,0,376.14,9.47,443,0,94.92
3,30.32,49.4,0,932.47,4.52,443,1,85.23
12,13.03,28.01,0,1225.69,1.0,443,0,96.67
18,28.99,18.89,0,279.89,6.04,443,0,100.0
21,13.88,16.68,0,552.86,9.09,443,0,72.8
9,18.26,20.08,1,230.29,5.23,443,0,92.24
15,42.8,46.77,0,784.94,4.95,443,0,92.98
12,33.71,21.01,0,998.08,17.17,443,0,92.66
13,29.86,34.07,0,821.1,0.3,80,0,90.46
23,43.18,21.24,1,1078.4,3.5,443,1,100.0
7,37.21,27.61,0,966.11,16.7,443,0,87.89
15,51.7,32.92,0,1140.43,25.32,443,1,89.97
15,23.1,19.28,0,1032.04,5.32,443,0,93.16
18,23.56,18.59,0,719.41,21.96,80,0,88.22
14,10.48,41.59,0,813.35,2.22,443,0,76.14
15,23.57,34.85,0,626.26,2.5,443,0,92.14
12,44.47,32.91,0,753.87,18.72,80,0,92.25
15,49.5,32.87,0,812.37,23.36,80,0,86.35
12,44.4,29.6,0,783.02,2.52,80,0,88.68
16,3.09,45.18,0,1068.45,0.61,443,0,58.2
12,46.25,25.44,0,733.97,0.95,443,0,100.0
15,2.42,30.77,0,613.58,3.03,8080,0,99.01
13,43.47,10.49,0,626.08,14.33,22,0,76.62
18,24.48,16.75,0,931.02,7.13,443,0,83.25
13,40.54,12.99,0,519.37,6.08,80,1,100.0
6,10.01,37.74,0,759.76,8.77,443,0,78.45
19,47.57,0.53,0,1065.5,22.09,443,0,94.78
10,8.03,20.98,0,858.52,0.95,443,0,85.08
11,19.97,4.94,0,785.08,11.87,443,0,94.1
11,15.03,16.69,0,792.82,26.14,443,0,90.5
19,3.69,20.09,0,594.09,2.4,443,1,87.17
5,31.42,38.85,3,628.57,18.19,443,0,93.89
23,57.09,28.97,0,760.96,11.97,443,0,85.07
18,70.0,16.67,0,854.25,0.15,443,0,72.16
14,31.46,35.66,0,989.63,2.63,80,0,80.72
13,46.75,25.18,2,818.51,9.31,443,0,79.52
15,33.48,25.38,2,1070.55,6.98,80,0,73.96
16,37.48,12.97,0,1121.04,7.51,443,0,93.69
16,24.87,15.1,0,959.05,2.64,80,0,88.27
16,32.93,16.75,0,1045.0,11.24,443,1,93.54
14,38.06,25.46,2,601.86,3.1,80,0,95.21
13,21.32,25.78,0,570.16,4.93,443,0,97.56
13,28.84,40.44,1,903.59,4.6,443,0,94.07
13,29.12,28.85,0,531.76,11.15,443,0,80.2
18,42.4,2.08,0,741.93,0.95,8080,0,95.8
16,14.01,27.63,0,954.24,2.3,80,0,92.22
2,29.23,10.5,0,1082.67,2.24,443,0,100.0
16,58.68,15.34,1,749.16,1.15,443,1,90.08
14,47.46,16.88,0,670.01,2.33,80,0,93.83
13,50.24,18.37,1,864.09,9.34,8080,0,89.05
12,30.37,11.25,0,585.29,13.17,443,1,90.49
18,34.81,27.03,0,765.34,10.8,22,0,89.81
17,45.03,10.89,0,798.4,6.45,443,0,85.65
10,53.4,28.57,0,794.4,0.54,8080,0,91.77
15,0.73,47.37,0,817.7,31.94,80,0,96.22
10,10.27,11.71,1,633.1,1.84,443,0,85.8
8,49.64,22.15,0,654.6,11.04,443,0,98.36
11,25.85,0.23,0,650.58,24.41,443,0,97.14
17,19.92,21.99,1,475.98,11.97,443,0,81.2
17,11.19,31.43,0,868.37,2.46,22,0,80.36
16,21.67,32.21,0,978.93,3.79,80,0,94.48
16,8.96,25.77,0,959.26,0.31,443,0,84.12
16,61.37,33.89,0,747.5,9.49,22,0,79.54
11,29.66,50.46,0,637.8,9.49,443,0,100.0
15,29.13,42.12,0,948.86,12.93,80,0,80.34
17,38.82,19.77,1,927.78,0.11,80,0,74.76
17,44.44,10.49,0,843.48,17.03,22,0,82.16
18,44.19,20.94,0,1148.86,13.42,443,0,92.32
16,46.1,15.53,0,794.71,1.52,443,0,90.74
15,20.54,29.51,1,748.62,4.27,443,0,100.0
18,25.53,13.19,0,720.04,10.18,443,0,82.32
13,41.54,24.27,0,487.82,6.85,443,0,92.36
10,22.09,33.38,0,932.27,1.22,80,1,100.0
13,29.92,23.99,0,778.9,0.91,443,0,83.41
11,35.98,15.54,0,901.99,15.21,443,1,97.04
11,41.78,36.75,0,1168.38,1.7,443,0,71.68
13,3.33,6.21,0,721.85,1.89,443,0,100.0
10,40.72,21.72,0,332.4,17.77,443,0,99.95
12,26.49,24.58,0,896.21,9.47,443,0,83.19
6,40.61,25.16,0,833.37,9.28,443,0,98.3
14,41.65,26.8,0,653.51,6.53,443,0,100.0
14,54.12,31.1,0,879.45,8.42,443,0,77.11
10,50.3,24.65,0,957.22,9.21,443,0,84.0
16,50.2,21.32,0,610.68,34.37,80,0,100.0
17,51.66,20.92,0,739.73,2.52,80,1,90.67
7,34.37,18.88,0,1095.35,2.42,443,0,94.36
10,30.48,32.88,0,655.68,0.59,443,0,90.7
10,43.09,18.53,0,813.33,10.74,22,0,98.91
10,40.98,33.47,0,275.12,7.96,443,0,95.13
17,25.36,25.19,0,503.63,1.18,443,0,91.06
13,36.07,19.79,0,831.5,4.53,443,0,68.98
12,29.47,31.18,1,1045.6,1.97,80,0,96.4
5,17.19,17.73,0,527.59,4.03,8080,0,97.29
16,49.36,31.38,0,814.91,30.21,443,0,77.6
9,30.83,27.13,0,724.86,11.5,443,0,78.28
14,60.73,19.04,0,990.62,0.08,443,0,95.18
15,5.62,30.29,0,556.44,2.91,8080,0,91.94
19,21.65,30.47,0,886.02,0.1,80,0,70.25
8,30.49,36.58,0,669.26,12.55,443,0,81.78
1,47.06,34.66,0,844.61,6.34,80,0,93.14
14,35.99,29.91,0,813.79,51.19,443,0,96.77
21,34.66,13.72,0,749.64,13.23,443,0,84.16
18,13.09,49.49,0,895.56,7.3,443,0,88.53
14,12.65,10.96,0,808.73,16.33,443,0,81.21
12,34.84,34.49,1,773.44,12.2,443,0,100.0
17,9.54,29.31,0,728.72,2.79,80,0,91.75
10,22.02,13.26,0,815.52,7.56,443,0,83.32
15,37.51,23.76,0,844.41,8.12,443,0,78.44
16,15.27,24.21,0,602.17,6.0,443,0,77.33
18,54.08,38.06,0,730.11,1.97,443,0,100.0
23,48.36,17.87,0,588.96,2.53,443,0,88.26
15,6.43,22.38,0,792.03,3.3,443,0,86.0
11,16.01,1.64,0,681.53,0.1,443,0,87.87
13,4.29,42.35,0,954.16,24.88,443,0,83.7
6,18.26,14.3,0,934.55,11.59,443,0,88.93
11,41.5,28.27,0,615.45,11.7,443,0,90.35
12,23.79,23.99,0,799.54,8.49,443,0,90.15
11,36.91,24.02,0,927.7,11.69,443,0,77.37
14,7.16,33.1,0,764.94,40.1,443,0,98.92
10,41.97,41.71,0,654.36,4.86,80,0,84.47
18,21.67,27.51,0,581.52,12.47,80,1,83.41
14,30.18,31.55,0,970.85,4.46,22,0,82.96
13,28.61,28.29,0,980.54,19.26,443,0,79.48
12,10.93,35.18,0,758.41,19.52,443,0,92.68
14,12.7,20.37,0,953.23,23.26,80,0,98.95
17,44.52,35.75,0,206.96,0.05,443,0,82.77
10,35.98,36.1,0,1065.51,3.54,443,0,71.57
11,45.75,35.83,2,768.61,1.44,80,0,79.73
12,34.87,18.4,3,828.36,6.05,443,0,85.52
8,32.14,23.32,0,735.9,6.84,443,0,77.69
10,4.11,27.39,0,1079.14,2.96,80,0,84.01
12,25.94,11.29,0,587.85,12.85,80,0,84.48
17,29.59,40.95,0,1094.89,3.14,80,0,89.85
15,59.3,24.88,1,879.25,19.23,443,0,75.45
14,40.3,27.84,0,924.53,1.96,80,0,95.8
17,53.04,19.23,0,734.16,4.58,80,0,100.0
13,38.96,11.73,0,538.36,9.73,80,0,100.0
15,19.33,18.96,0,986.1,9.3,80,0,84.16
13,31.76,27.19,0,862.28,0.81,443,0,96.69
15,33.54,31.73,0,1072.32,18.72,443,0,95.5
11,15.91,26.62,0,761.24,9.11,80,0,89.56
4,24.23,28.47,1,716.15,20.39,443,0,91.77
13,26.91,21.63,0,1077.62,20.22,443,0,96.83
19,54.08,29.96,0,1182.38,7.89,80,0,98.83
17,1.21,39.83,0,801.87,24.17,443,0,81.88
17,48.09,32.05,0,649.45,18.87,443,0,97.48
18,15.95,33.1,0,962.11,31.73,443,0,100.0
14,9.42,27.94,0,749.2,19.0,443,1,98.82
14,47.7,9.97,0,919.85,17.22,443,0,100.0
11,40.98,14.55,0,748.14,6.34,80,0,64.16
12,48.82,29.55,0,1112.8,2.38,443,0,95.96
16,42.01,24.89,0,660.1,24.16,443,0,92.64
18,60.9,29.4,0,896.11,12.82,8080,1,100.0
13,38.38,41.76,0,702.26,3.31,443,1,78.74
12,27.65,32.26,0,743.7,4.17,443,0,84.94
14,35.14,37.59,0,717.59,11.59,22,0,99.01
16,48.65,25.95,0,947.72,6.5,443,0,79.4
8,18.31,16.93,0,983.67,0.85,80,0,92.42
4,20.22,24.42,0,911.55,1.53,8080,0,89.83
11,25.37,16.95,0,778.4,13.69,80,0,88.04
9,1.57,40.58,0,828.04,3.98,443,0,95.73
11,32.07,32.9,0,979.54,7.09,443,0,78.84
13,1.71,30.21,0,985.86,14.55,443,0,82.2
12,30.8,37.36,0,261.94,13.91,80,0,88.61
19,42.98,4.8,0,745.56,1.83,80,0,77.99
15,22.85,30.88,1,755.15,1.04,80,0,100.0
15,55.16,11.89,0,933.85,8.94,443,0,82.01
16,8.09,24.93,0,786.65,13.53,443,0,97.86
9,47.87,21.88,1,943.84,1.61,443,0,81.24
18,40.13,31.62,0,584.27,4.65,443,0,97.04
13,4.26,27.28,0,852.01,20.42,80,0,73.91
16,70.66,38.45,3,980.04,28.86,443,0,100.0
9,29.04,18.98,0,505.12,6.05,443,0,100.0
7,16.84,32.09,0,1302.73,0.83,80,0,84.47
17,8.89,26.62,0,1038.18,2.98,443,1,81.74
15,26.7,8.65,0,800.27,2.65,22,0,94.58
10,28.09,15.81,0,634.32,2.73,443,0,74.74
10,31.54,23.5,0,764.98,6.81,22,0,90.35
18,25.53,36.12,0,816.76,8.75,443,0,81.92
9,39.5,29.64,1,888.13,1.31,443,1,87.46
20,24.19,13.32,0,1100.13,22.01,443,0,83.56
10,0.98,23.6,0,704.78,9.68,80,0,82.02
16,27.76,45.18,0,912.54,9.09,443,0,100.0
12,5.51,26.11,0,541.51,43.65,443,0,97.81
16,35.31,21.73,0,717.28,9.89,8080,0,75.2
11,15.31,29.92,0,875.34,26.45,443,0,81.24
13,32.45,32.63,0,938.25,3.37,80,0,98.57
14,49.71,20.44,0,649.35,2.75,443,1,99.69
9,15.77,30.03,0,711.84,7.27,443,0,76.15
16,45.92,21.71,0,1092.11,7.11,443,0,96.99
11,23.5,32.19,0,1032.38,2.57,443,0,92.65
13,56.3,26.7,0,841.69,12.03,443,0,70.58
10,24.52,29.82,0,352.67,0.3,443,0,85.97
3,17.39,17.41,0,1302.23,11.73,443,0,88.64
13,40.31,16.79,0,796.01,6.11,443,0,90.48
23,23.46,34.45,1,737.49,11.68,443,0,76.79
17,17.38,24.21,0,695.53,6.48,443,0,82.37
13,22.83,27.85,0,875.27,37.87,443,0,83.77
12,29.33,21.94,0,877.32,4.07,22,0,84.64
14,50.13,33.99,0,990.13,40.5,443,0,84.81
16,0.99,18.92,0,614.79,0.67,443,0,88.67
9,30.35,23.64,0,737.5,11.51,443,0,93.1
18,39.37,32.86,0,1206.11,6.06,80,0,100.0
16,32.9,36.73,0,844.92,17.27,443,0,98.71
16,49.65,19.76,0,765.5,15.59,443,0,100.0
15,28.88,44.6,0,611.68,16.1,80,0,85.19
14,27.23,28.13,0,901.19,1.0,443,0,79.96
16,38.88,14.57,0,1006.2,17.28,443,0,98.01
16,31.49,28.69,0,974.92,2.41,22,0,89.84
12,24.14,21.17,0,748.24,0.26,443,0,97.3
11,37.74,29.34,0,872.25,2.46,443,0,81.18
14,20.21,24.57,0,1134.33,6.53,443,0,96.49
20,20.83,25.74,0,1014.18,13.55,443,0,88.25
9,22.08,15.88,0,643.17,2.47,443,0,85.39
8,50.3,34.9,0,290.8,1.2,443,0,86.33
14,18.32,13.44,1,859.35,10.38,443,0,94.9
14,35.93,13.91,0,959.71,41.29,443,0,97.74
14,30.51,28.67,0,582.16,9.18,8080,0,86.34
14,4.79,41.03,0,798.24,11.75,80,1,93.44
13,34.65,21.47,0,747.26,8.24,443,0,93.41
19,37.14,32.01,0,820.86,15.25,443,0,97.38
7,38.84,35.73,2,691.06,37.22,443,0,99.87
10,9.78,33.15,0,1058.1,7.86,443,0,100.0
13,50.5,21.89,0,829.59,5.39,8080,0,85.35
7,18.93,14.09,0,624.2,19.69,8080,0,100.0
13,40.3,2.92,0,983.49,34.98,443,1,91.17
20,41.12,22.37,0,547.16,1.38,443,0,79.05
14,16.85,36.78,0,1056.9,8.63,22,0,83.5
14,39.91,13.76,0,998.21,15.72,80,0,94.66
8,24.22,32.0,0,1077.96,7.62,443,0,97.24
11,1.07,15.5,0,768.35,5.26,443,0,79.84
12,47.52,26.06,0,700.78,10.65,443,0,82.36
12,18.37,32.08,0,816.8,3.15,22,0,84.67
19,17.18,18.41,2,783.11,4.29,443,0,81.37
16,23.95,26.7,0,669.45,48.64,80,0,71.2
9,34.08,20.85,0,689.28,10.12,443,0,67.81
14,29.14,32.05,1,726.73,20.63,22,0,86.18
15,38.22,27.35,0,566.0,16.49,443,0,92.52
18,9.91,25.57,0,935.59,10.56,443,0,96.56
20,18.86,40.58,0,789.54,18.37,443,0,76.38
9,28.26,31.62,0,738.32,3.38,443,1,76.55
10,58.47,18.1,0,577.93,10.14,443,1,84.72
8,28.29,24.14,0,567.93,8.93,443,0,90.03
13,46.28,24.24,3,1187.18,9.74,443,0,100.0
15,30.58,25.8,0,674.55,1.85,443,0,97.18
17,22.75,50.25,0,922.11,3.25,443,0,86.32
13,26.3,28.71,0,832.53,3.38,443,0,93.6
12,27.47,4.64,0,244.96,9.21,443,0,81.56
14,39.05,19.57,0,1158.49,35.95,443,0,90.74
10,50.62,5.68,0,936.82,30.81,443,0,89.38
22,35.4,21.7,0,646.47,2.58,443,0,100.0
7,47.81,5.13,0,794.33,3.64,443,0,94.94
14,15.53,16.28,0,570.16,0.37,443,0,82.29
22,23.78,9.79,0,1165.24,5.09,443,0,82.39
14,19.14,28.84,0,618.47,18.0,443,1,86.67
13,34.72,25.01,1,695.38,24.74,443,0,74.36
12,24.62,28.03,0,654.09,2.7,443,1,87.7
13,40.95,23.95,0,816.08,3.09,80,0,88.56
19,16.03,11.06,0,1074.06,2.5,443,0,94.67
5,30.65,30.14,2,1157.87,4.31,443,0,96.12
20,40.3,44.22,0,720.2,16.34,443,0,90.99
8,0.98,29.09,0,875.65,10.41,80,0,73.7
12,61.82,20.74,0,816.38,15.42,443,1,77.79
12,25.75,10.72,0,603.68,8.75,80,0,83.95
16,0.38,15.92,0,1284.51,2.98,80,0,96.52
7,32.37,29.53,0,1072.55,2.59,80,0,96.19
15,30.5,35.73,0,837.82,0.09,80,0,87.51
22,28.77,27.61,0,1116.38,15.19,443,1,100.0
8,44.87,33.0,0,1042.42,18.78,443,0,100.0
14,41.21,32.08,0,816.37,14.62,22,0,100.0
11,34.47,30.07,0,865.19,0.77,22,0,97.01
15,36.75,18.42,0,1102.43,14.36,443,0,94.59
14,28.43,26.74,0,610.77,0.47,443,0,93.86
11,56.63,16.52,0,1134.74,1.12,80,0,71.95
15,7.81,25.17,1,754.98,5.81,443,0,79.49
21,32.09,28.31,0,1104.94,6.47,443,0,87.78
13,30.98,41.79,0,798.95,16.93,443,0,91.28
16,42.2,11.9,0,867.52,11.38,443,0,88.76
8,17.34,29.82,0,793.14,1.66,443,0,92.72
10,3.84,39.81,0,693.63,2.56,80,0,68.97
15,32.35,32.59,0,745.99,3.36,443,0,95.06
19,34.22,33.33,0,1075.82,1.32,22,0,90.62
15,52.34,30.88,0,337.17,3.39,8080,0,88.13
12,10.94,37.98,0,552.21,13.04,80,1,99.27
13,47.32,14.13,0,654.91,2.76,8080,0,79.54
8,65.51,11.14,0,584.33,18.04,443,0,87.63
16,24.33,24.94,0,1102.0,6.34,443,0,92.84
17,10.64,3.39,0,1051.54,3.9,80,0,81.47
12,23.9,37.31,0,918.41,5.32,443,0,69.97
12,30.21,37.21,0,672.44,12.36,443,0,78.47
15,38.46,20.67,0,1067.01,7.27,443,0,89.35
12,21.13,21.29,0,482.37,0.07,443,1,87.51
13,53.33,24.28,0,1228.4,25.55,80,0,89.82
22,13.28,25.52,0,663.07,0.68,443,0,83.41
13,3.91,26.27,0,747.59,27.91,80,0,76.88
12,46.6,30.58,0,714.13,0.29,443,0,91.37
11,4.12,23.27,0,585.38,14.74,443,1,88.33
16,26.94,34.43,0,1185.02,7.65,443,1,96.38
13,76.77,29.46,0,957.78,7.05,80,0,82.52
11,29.82,18.93,0,1043.09,0.76,443,0,69.79
19,13.19,38.35,0,555.27,2.73,8080,0,63.96
19,29.14,11.42,0,836.19,15.03,80,0,85.99
11,29.24,24.08,2,904.21,22.19,443,0,91.28
6,32.41,34.67,1,854.15,7.53,8080,0,87.68
18,39.93,17.77,0,567.93,4.36,443,0,84.35
11,14.41,28.1,0,1015.1,0.62,443,0,74.09
17,55.31,30.43,0,824.31,11.46,443,0,71.11
6,33.68,16.39,0,609.01,3.26,443,0,93.67
17,40.9,24.28,0,428.95,0.57,443,0,87.72
9,20.58,23.43,0,921.33,10.96,443,0,86.36
16,49.3,19.48,1,1290.09,6.65,80,0,74.58
14,26.14,48.02,0,596.95,0.12,443,0,80.34
10,34.16,17.37,0,834.09,1.18,443,0,90.45
12,16.0,35.05,0,1022.1,12.01,443,1,92.85
16,15.05,21.07,0,546.07,0.66,443,0,88.36
14,40.32,14.13,0,704.01,20.1,443,0,100.0
16,23.35,26.03,0,627.97,3.73,443,0,84.25
21,17.19,31.49,0,996.94,0.93,80,0,100.0
7,20.35,34.21,0,1065.1,14.26,443,0,92.17
20,40.48,40.62,0,831.81,7.43,443,0,91.08
14,20.56,54.45,0,631.65,3.66,443,0,99.33
10,28.24,27.51,0,711.44,5.21,443,0,83.76
8,30.23,18.37,0,673.9,0.22,80,0,86.71
13,1.24,29.53,0,604.55,10.87,8080,0,77.76
17,7.93,22.34,0,779.59,4.55,80,1,99.35
13,35.04,34.26,0,914.97,12.52,443,1,93.36
20,18.94,12.03,0,898.05,9.89,443,1,100.0
8,45.85,48.68,0,798.35,10.53,443,1,92.05
13,44.5,33.56,0,811.41,15.75,443,0,100.0
8,40.79,8.16,0,783.69,9.97,443,0,82.53
15,57.3,17.91,1,540.56,5.43,443,0,99.87
17,28.75,33.16,1,832.03,4.94,443,0,86.02
12,39.73,36.76,0,683.27,1.27,443,0,90.03
3,21.23,12.28,0,530.53,15.12,443,0,97.28
14,66.79,32.13,0,874.14,14.32,80,0,100.0
15,59.75,5.53,0,677.65,2.83,443,0,98.2
15,30.18,24.11,0,845.55,19.85,443,0,99.14
18,35.8,36.12,0,969.53,8.89,443,1,84.55
9,50.39,19.48,0,609.95,6.51,443,0,91.57
16,27.79,9.93,0,818.42,0.18,443,0,89.04
18,20.15,26.46,0,437.92,4.82,443,0,100.0
6,43.11,18.95,0,1106.51,10.24,443,0,88.54
15,31.18,31.3,0,528.19,0.94,443,1,100.0
11,32.74,16.15,0,697.04,6.15,443,1,76.98
13,17.49,17.27,2,1067.68,50.26,80,0,100.0
15,4.23,4.79,0,753.1,12.61,443,0,81.39
12,33.54,26.7,0,560.52,7.92,443,0,98.54
11,43.57,23.39,1,942.61,7.61,443,0,81.36
14,26.61,13.12,0,938.11,0.45,443,1,96.18
9,51.55,26.94,0,673.36,31.54,443,0,80.37
9,19.44,35.27,0,695.01,26.34,443,0,100.0
16,14.18,22.84,0,712.92,11.47,80,0,98.45
9,28.99,27.68,0,758.6,1.04,443,0,83.99
16,28.76,27.73,2,421.41,2.33,443,0,95.78
15,41.55,12.96,0,763.72,2.03,443,0,99.47
7,18.38,45.57,0,1156.78,7.33,443,0,80.77
11,50.52,20.29,0,620.81,2.33,8080,0,79.66
18,59.5,31.56,0,683.3,11.9,443,0,79.29
10,29.41,32.69,0,563.28,7.88,443,0,77.87
12,48.75,23.6,0,922.43,0.18,8080,0,79.24
15,14.15,31.07,0,1040.64,13.63,80,0,99.25
17,46.13,27.46,0,1036.06,2.09,443,0,95.58
12,45.71,10.82,0,550.4,17.42,443,1,73.04
11,42.95,21.68,0,899.96,4.39,80,1,84.9
19,29.77,18.87,0,1086.75,4.13,80,0,78.42
20,14.31,20.38,0,901.93,0.12,443,0,98.62
17,20.37,11.96,0,895.68,44.01,443,0,85.5
14,20.61,36.26,0,705.67,9.47,443,1,74.56
10,15.33,41.02,0,844.02,5.49,443,0,91.7
10,31.83,34.78,0,1047.26,1.02,443,0,96.06
16,23.72,37.71,1,865.64,12.01,443,0,80.46
15,17.63,21.55,0,550.35,3.32,443,0,87.35
19,14.12,18.64,0,708.79,44.47,443,0,80.98
16,19.27,17.21,0,1041.86,30.07,443,0,100.0
7,46.82,31.44,0,864.95,13.29,443,0,85.69
18,20.08,27.27,1,823.81,35.43,80,0,82.78
10,22.28,24.23,0,689.2,1.12,80,0,89.49
12,23.15,37.95,0,1037.72,3.28,8080,0,87.92
15,35.08,29.05,0,1132.48,2.92,443,1,96.88
21,36.84,16.61,0,1052.64,0.75,443,0,100.0
23,15.67,18.19,0,1088.52,35.84,80,1,100.0
16,45.32,31.82,0,728.26,0.62,80,0,86.18
13,51.55,35.42,0,699.97,19.43,80,0,93.05
16,14.25,30.52,0,768.73,14.62,443,0,100.0
17,15.42,43.97,0,807.71,4.71,443,0,100.0
12,23.25,41.35,0,1086.2,0.19,80,0,81.24
21,18.66,29.41,0,1033.18,0.06,80,0,95.92
14,33.36,16.61,0,907.69,2.28,80,0,94.23
15,0.8,11.9,0,513.76,6.81,443,1,99.26
16,13.23,21.13,0,462.4,6.12,443,1,100.0
15,53.09,32.53,0,848.09,8.8,443,0,79.59
17,16.08,43.27,0,976.05,14.78,80,0,83.09
11,48.65,29.17,0,784.09,4.74,80,1,99.08
11,35.33,36.69,1,1182.98,1.75,443,1,91.48
9,2.86,22.55,0,583.51,16.1,443,0,67.73
15,39.53,31.23,0,558.33,4.05,443,0,73.34
17,28.23,33.23,0,667.14,3.38,443,0,96.63
15,23.17,5.2,2,659.54,14.45,443,0,98.39
20,33.67,20.87,0,905.26,27.2,80,0,76.51
13,37.12,34.5,0,715.66,24.65,80,0,100.0
16,40.61,27.74,0,490.43,1.48,443,0,88.03
9,47.67,13.03,0,978.32,6.99,443,0,79.78
12,36.12,0.7,0,448.01,0.97,443,0,84.4
16,9.37,21.34,0,585.76,32.44,443,0,77.77
17,22.9,24.28,0,475.46,2.42,8080,0,83.84
12,74.15,16.16,0,841.42,2.2,80,0,71.31
13,40.87,26.43,0,837.21,21.97,443,0,89.26
7,65.54,30.06,0,1183.29,34.37,443,1,95.87
12,50.93,31.71,1,982.77,11.96,443,0,76.53
17,33.63,1.44,0,1088.33,1.29,443,0,90.17
16,34.52,11.86,0,857.72,6.65,443,0,81.95
16,29.45,21.95,1,604.61,16.96,443,1,96.69
14,3.93,30.72,1,825.62,8.5,80,0,66.86
14,30.27,29.89,0,918.48,1.42,443,1,97.12
11,48.16,29.72,1,940.76,1.89,8080,0,71.82
16,21.01,21.17,0,705.52,19.96,443,0,87.9
15,36.18,21.72,0,897.76,7.49,80,0,82.91
15,42.77,17.72,0,613.39,12.24,80,0,86.39
11,16.35,32.68,0,591.34,4.67,443,0,74.71
5,23.23,15.8,0,576.84,7.6,443,0,100.0
18,14.73,33.5,0,804.93,37.77,80,0,77.13
12,17.67,27.08,0,564.43,4.0,443,0,77.92
10,10.69,24.55,0,715.05,11.23,443,0,100.0
16,16.49,18.43,0,980.58,1.89,22,0,93.23
12,51.29,11.44,0,594.17,1.3,443,0,77.46
18,16.27,18.52,0,699.14,15.31,443,1,88.71
16,31.9,21.7,0,814.33,18.59,443,0,87.64
16,22.46,1.31,0,849.38,11.04,443,0,73.12
8,47.68,23.03,0,700.14,1.72,443,0,82.42
18,49.67,34.24,0,957.37,2.75,443,0,89.74
15,42.96,30.67,0,918.09,24.21,80,0,100.0
12,34.59,20.04,0,1027.97,3.41,443,1,88.11
14,26.53,25.47,3,783.68,17.08,443,0,88.86
6,12.12,19.44,0,697.44,3.37,443,0,81.85
15,59.15,26.49,0,663.47,28.04,80,0,100.0
9,18.6,40.4,0,861.41,24.59,443,0,99.02
8,39.95,34.68,0,724.57,0.44,8080,1,97.89
7,45.89,30.21,1,686.17,14.71,443,0,91.12
18,21.67,20.07,0,710.34,1.86,443,0,74.01
11,45.57,32.5,0,663.26,2.42,443,1,100.0
20,41.46,8.13,0,839.8,6.16,443,1,90.57
11,55.92,22.48,0,517.48,8.59,443,0,86.91
7,22.96,30.84,0,860.6,3.94,80,0,94.48
9,10.71,32.4,0,935.31,8.57,80,0,92.24
18,22.42,31.7,0,683.82,1.87,443,0,79.31
13,33.13,27.95,0,1184.41,0.23,443,0,86.79
11,30.87,23.04,0,803.52,8.47,80,1,70.96
14,24.1,30.38,0,487.73,7.29,443,0,90.86
16,1.36,15.47,0,743.75,11.7,443,0,100.0
18,37.06,16.55,0,812.53,10.49,443,0,72.04
19,59.59,25.62,0,889.79,22.78,443,0,91.29
12,36.96,26.73,0,748.51,6.15,443,0,96.68
8,39.14,6.74,0,597.69,0.08,443,0,98.16
12,38.59,29.55,0,581.0,9.96,443,0,82.54
15,35.96,32.73,0,669.28,11.24,80,0,78.98
10,43.97,24.23,0,688.44,7.37,443,0,84.13
10,35.93,48.74,0,573.01,11.69,443,0,100.0
15,25.31,18.17,0,653.44,3.91,443,0,72.9
13,18.06,21.39,0,931.89,1.61,22,1,77.84
14,26.27,21.05,0,1129.68,10.92,443,0,85.41
10,34.71,24.24,0,951.09,2.81,443,0,80.24
13,25.26,21.71,0,1061.17,6.09,443,0,89.58
10,34.72,10.93,0,994.82,6.77,443,0,100.0
17,36.59,19.53,0,966.63,6.49,443,0,77.96
18,42.5,24.02,1,732.44,9.12,443,0,88.54
6,49.24,37.29,0,828.18,0.3,443,0,89.92
10,31.17,47.02,0,715.88,45.74,8080,0,86.65
8,10.38,38.35,0,756.18,12.6,443,0,74.22
11,24.82,17.25,0,813.63,5.54,80,0,83.62
13,30.66,18.04,0,942.71,2.12,443,0,83.65
8,2.46,23.41,0,884.66,0.84,443,0,96.34
10,50.83,42.85,0,767.63,11.15,8080,0,94.2
9,32.14,23.35,0,811.11,3.81,80,0,74.48
14,35.72,11.72,0,886.69,2.61,443,0,86.13
14,50.48,19.99,0,933.48,4.78,443,0,85.0
11,20.55,32.57,0,496.2,8.99,8080,0,100.0
14,38.61,31.9,0,584.52,11.14,443,0,92.92
11,28.35,23.0,0,1021.46,10.36,443,0,79.23
12,27.24,31.83,0,787.83,19.9,443,1,82.23
20,18.42,2.27,0,715.18,2.47,443,0,86.21
19,54.98,26.04,0,747.3,10.13,443,0,93.62
8,24.37,33.61,0,747.26,1.07,80,0,94.85
17,40.49,16.67,0,911.59,7.94,443,0,92.0
17,1.87,16.64,0,578.4,8.77,22,0,87.9
9,47.7,6.34,0,804.96,2.44,443,0,88.64
17,45.78,40.9,0,849.22,4.97,443,0,88.71
20,31.46,17.8,0,879.25,17.56,443,0,72.17
9,26.6,27.41,0,844.57,1.61,8080,0,89.39
10,36.0,31.04,0,903.18,5.7,443,0,84.23
18,64.33,40.12,0,685.46,26.99,443,0,73.47
15,3.55,23.46,2,611.64,7.01,22,0,100.0
16,41.73,19.61,0,1291.4,12.91,22,0,93.11
15,16.33,26.73,0,739.75,17.54,443,0,90.13
15,29.7,37.84,1,763.11,2.28,22,0,86.29
8,26.28,23.3,0,935.57,2.46,80,1,97.3
18,23.58,15.45,1,1119.22,14.21,443,0,78.38
18,29.84,9.59,0,691.09,14.0,443,0,86.87
13,12.99,12.79,0,600.24,0.62,443,0,80.48
13,45.44,33.64,0,551.57,3.89,443,0,97.22
7,3.09,21.79,0,1118.62,5.08,80,0,81.73
16,38.1,18.92,0,592.38,17.66,443,0,100.0
16,25.1,17.84,0,794.49,5.48,80,0,89.01
13,12.44,25.85,3,604.54,26.03,80,0,97.74
18,33.04,22.61,0,510.33,56.86,443,0,94.0
12,6.65,22.27,0,741.52,15.17,22,0,100.0
16,30.6,38.49,0,612.44,10.98,80,0,80.65
9,8.66,40.38,0,661.67,4.97,443,0,99.06
13,36.92,8.9,0,1201.22,0.69,80,0,71.37
13,16.13,28.28,0,884.98,8.51,8080,0,90.43
14,23.24,17.23,0,986.29,4.49,443,0,84.54
12,34.41,22.52,0,964.93,4.32,8080,0,75.95
13,18.41,28.09,0,779.83,11.64,443,0,81.06
17,29.13,22.87,0,712.06,6.23,443,0,83.59
12,7.29,27.3,0,849.79,13.95,80,0,88.03
7,39.46,31.73,0,833.69,5.08,80,0,84.75
20,56.47,27.95,1,686.24,1.64,80,0,90.8
19,71.88,18.53,0,825.97,6.19,443,0,81.7
8,31.37,18.71,0,658.73,30.16,443,0,85.23
16,41.82,10.6,0,765.71,16.17,443,0,87.11
11,3.29,16.46,0,732.94,2.3,443,0,91.82
15,52.54,44.62,0,546.23,4.96,443,0,98.49
15,41.64,17.08,0,329.77,26.28,80,0,98.54
13,22.74,13.07,0,612.19,1.32,443,1,92.37
10,48.56,28.2,0,1160.82,2.93,443,0,94.3
11,26.18,23.9,0,738.06,3.04,443,0,93.12
10,23.13,23.04,0,955.19,8.46,443,0,86.85
10,37.13,39.09,0,375.11,5.29,443,0,99.01
13,14.05,30.49,0,598.34,0.83,443,0,80.86
11,45.32,19.7,0,529.1,9.92,443,0,69.52
16,14.16,20.76,0,759.54,1.04,443,0,79.59
19,14.25,19.97,0,1284.39,9.32,443,0,100.0
11,16.35,33.75,1,892.05,7.07,443,0,87.05
14,41.39,21.92,0,1139.12,6.81,443,0,92.74
15,20.75,7.07,0,749.11,0.7,443,0,87.26
15,9.78,24.52,0,1072.97,10.19,22,0,95.62
14,20.91,9.63,0,1214.65,5.64,443,0,90.71
16,29.52,46.84,0,778.13,5.3,80,0,89.31
15,12.29,15.34,0,692.15,9.07,80,0,96.14
9,12.72,23.38,0,536.44,9.32,443,0,85.34
17,61.67,27.58,0,738.19,0.15,443,1,93.72
17,17.09,22.11,0,816.38,1.34,8080,0,88.25
10,25.15,22.1,0,1206.19,2.7,443,0,88.93
14,24.49,29.22,0,541.01,11.33,443,0,81.81
16,23.68,40.26,0,811.93,8.6,443,0,87.84
13,39.32,32.68,0,437.14,14.17,443,0,84.59
18,44.22,39.79,0,714.65,13.49,80,0,100.0
23,25.41,14.53,0,862.28,19.19,22,0,73.16
10,11.45,28.17,0,902.52,4.73,443,0,98.89
8,49.12,26.55,0,917.8,4.23,443,0,72.56
15,28.57,28.51,0,879.48,17.78,443,0,95.37
16,55.95,38.76,1,916.08,2.71,8080,0,81.62
13,3.68,22.79,0,809.15,6.18,443,0,95.66
19,32.93,20.94,0,590.43,2.16,80,0,88.79
8,58.78,30.34,0,429.67,24.52,443,0,75.68
16,24.7,7.22,0,690.66,5.24,80,0,100.0
11,26.62,22.63,0,773.08,2.39,443,0,97.77
20,34.43,23.66,0,1050.79,11.78,22,0,95.03
21,21.62,15.8,0,779.88,2.81,443,0,83.6
10,25.32,35.57,1,760.69,28.74,80,0,98.11
11,24.93,14.38,0,877.11,4.58,443,0,77.17
17,20.59,23.64,0,746.0,10.93,443,0,67.72
12,48.43,27.93,0,962.11,4.23,443,1,74.38
13,36.92,38.53,0,1195.87,16.46,443,0,80.78
14,33.76,24.89,0,1238.16,22.72,443,0,82.45
6,42.13,34.36,0,819.41,15.51,443,0,85.65
13,26.03,32.01,0,867.38,18.87,443,0,86.1
11,18.39,26.23,0,1115.77,1.07,443,1,83.5
12,20.96,14.1,0,770.01,25.78,443,0,68.84
19,30.03,10.65,0,935.84,9.79,443,0,91.92
8,14.11,26.07,0,572.97,20.34,443,0,87.35
17,22.5,19.57,1,737.83,11.53,443,0,83.04
12,22.26,34.19,0,1031.22,2.25,443,0,100.0
12,61.87,32.46,0,656.36,9.4,443,0,87.58
17,11.61,23.15,0,774.39,0.95,80,0,90.59
15,27.31,13.42,0,485.16,11.9,443,0,97.96
16,55.89,30.11,0,1201.15,5.26,443,0,75.1
17,31.83,14.82,0,1052.61,1.65,443,0,89.77
12,41.3,17.42,0,837.62,38.74,8080,0,97.93
11,31.5,15.21,1,901.5,23.13,443,0,89.09
9,19.99,23.61,0,879.18,22.4,80,0,76.97
10,3.63,36.7,0,1076.86,15.55,443,0,85.18
23,33.08,24.95,0,696.24,11.78,443,0,91.89
18,18.37,20.57,1,946.45,10.64,443,0,68.93
8,17.99,9.74,0,1015.48,1.12,443,0,76.47
8,22.52,30.52,1,1043.07,23.08,443,0,100.0
15,56.17,17.2,0,348.13,21.3,443,1,94.85
16,66.07,26.18,0,680.15,13.78,22,0,100.0
16,33.26,21.46,0,596.17,26.22,443,0,98.66
12,23.03,33.38,0,829.92,8.05,443,0,93.94
13,12.34,23.43,0,396.79,5.94,80,0,86.91
15,37.03,24.41,0,390.88,34.4,80,0,93.81
14,56.74,29.86,0,1234.02,6.24,443,0,100.0
5,26.29,46.07,0,923.54,10.25,80,0,98.26
13,5.68,33.88,0,824.2,4.67,443,0,91.67
10,40.05,24.11,0,872.73,10.11,443,0,88.28
14,44.78,25.03,0,829.27,12.73,443,0,94.98
23,6.21,19.75,0,999.47,9.8,443,0,84.68
15,32.65,15.5,0,673.51,7.23,443,0,94.98
12,36.77,19.47,0,837.32,3.57,443,0,83.02
17,28.9,17.28,0,845.48,10.32,443,0,86.46
15,18.14,31.53,0,590.63,23.91,443,1,79.72
15,45.24,14.29,0,1055.4,0.07,80,0,85.6
16,23.95,38.33,0,710.86,1.44,443,0,83.16
22,7.72,32.52,0,1003.48,1.28,443,1,100.0
9,0.74,25.21,0,822.98,25.67,80,0,81.06
15,48.91,25.0,0,1126.72,10.87,80,0,93.85
10,39.25,19.43,2,591.72,30.32,80,1,80.53
16,31.32,27.7,0,583.05,8.74,443,1,90.47
10,23.4,35.88,0,618.86,6.19,443,0,92.9
12,22.07,17.97,0,826.66,15.72,443,0,71.49
12,13.86,9.67,0,1108.29,1.75,443,0,76.02
17,23.53,32.03,0,1118.62,4.8,443,0,80.45
17,1.8,28.24,0,338.01,6.28,443,0,76.97
9,18.96,13.8,0,849.94,3.54,8080,0,90.84
14,25.34,17.67,0,157.41,4.64,443,0,92.43
11,39.15,16.41,0,959.01,0.81,443,0,79.37
8,29.4,17.75,0,1023.63,2.21,443,0,91.24
13,41.92,21.76,0,791.95,4.09,80,0,85.76
12,50.24,22.33,1,816.8,15.89,443,0,89.01
23,45.87,18.49,0,814.73,2.02,443,0,83.72
15,37.06,17.42,0,643.11,4.26,8080,0,94.88
8,30.18,22.71,0,886.34,0.67,80,0,100.0
11,15.29,26.68,0,753.72,8.14,80,0,97.74
18,41.1,21.84,0,986.06,9.45,8080,0,100.0
22,55.2,36.59,0,777.27,20.06,443,0,75.97
7,35.13,30.08,0,627.8,17.1,80,0,83.24
6,58.76,9.09,0,492.83,3.36,443,0,95.65
21,7.12,30.24,0,427.19,1.47,443,1,100.0
15,12.69,31.06,0,1062.5,1.7,443,0,96.5
10,42.83,20.65,1,708.44,34.73,443,0,79.74
16,33.96,10.05,0,867.71,11.18,443,0,85.65
3,49.71,25.08,0,1156.65,0.44,443,0,93.33
14,29.77,24.92,0,687.44,1.47,443,0,88.35
15,16.98,13.78,0,674.5,6.65,443,0,82.01
17,26.8,10.49,0,773.57,2.33,443,0,87.1
9,7.01,24.12,0,805.89,16.28,443,0,89.86
14,13.07,22.67,0,1177.51,8.51,443,0,79.15
10,44.59,20.83,0,1113.16,9.48,443,0,99.85
15,43.09,24.17,0,924.18,6.21,443,0,85.6
10,35.45,13.97,0,1089.88,2.96,443,0,89.27
12,4.18,20.65,0,764.36,8.9,443,0,100.0
10,24.62,30.33,0,859.83,12.62,80,0,88.75
16,11.63,21.5,0,739.7,4.64,443,0,99.8
17,47.65,8.28,0,541.93,7.03,443,0,79.71
13,21.24,20.27,0,1040.77,18.31,443,0,94.33
14,13.71,14.3,0,906.34,1.61,22,0,98.39
8,30.45,27.67,0,803.61,7.88,443,0,81.7
12,20.4,28.19,0,799.51,4.28,443,0,88.22
13,52.26,8.41,0,498.76,12.13,80,0,88.42
23,18.98,32.59,0,604.5,0.19,443,0,92.1
9,9.01,13.88,0,867.23,11.1,443,0,94.75
19,2.29,40.59,0,694.18,1.09,443,0,80.89
17,29.54,24.51,0,756.46,0.67,8080,1,89.4
15,21.57,12.54,0,779.07,12.9,80,0,100.0
21,8.57,13.58,0,663.51,10.23,443,0,100.0
15,47.84,28.48,0,606.42,22.53,443,0,97.94
15,40.01,21.09,0,477.53,7.33,443,1,88.07
13,29.58,24.03,0,770.7,7.55,443,0,100.0
18,50.46,41.13,0,923.72,12.28,443,0,100.0
18,39.94,18.01,2,471.27,3.91,443,0,90.37
11,17.66,25.6,0,795.19,0.38,443,0,92.2
8,14.41,39.2,0,856.23,2.61,80,0,85.41
13,42.27,27.71,0,602.08,2.72,443,0,93.93
10,35.95,8.93,0,1084.43,4.09,443,0,95.93
13,32.55,30.05,0,722.86,28.73,80,0,97.03
18,17.3,13.37,1,779.75,16.34,443,0,88.19
12,39.12,39.07,0,767.75,27.48,80,0,75.26
13,18.67,16.77,0,445.85,65.78,443,0,92.42
14,28.47,54.7,0,1001.75,5.69,80,0,97.07
17,51.7,39.67,0,608.9,2.58,22,0,80.21
5,20.09,17.03,0,752.7,8.21,443,0,89.09
11,6.41,25.2,0,919.53,21.3,443,0,100.0
14,14.21,32.54,0,1092.18,6.27,443,0,77.97
18,44.91,32.84,0,584.01,7.04,443,0,87.16
12,33.82,29.42,0,710.7,1.44,443,0,100.0
6,28.07,37.52,0,1076.48,5.46,443,0,91.58
16,22.36,23.77,0,892.74,4.89,80,0,84.74
11,37.28,21.33,0,934.23,4.33,80,0,89.93
9,17.26,21.53,0,589.77,21.83,22,0,98.26
11,34.58,33.58,0,724.16,0.61,443,1,87.96
13,19.03,28.65,0,766.43,35.81,443,0,95.98
11,16.54,27.91,0,628.42,0.08,80,0,92.35
5,20.44,32.95,2,465.09,29.11,443,0,93.17
17,24.37,4.49,2,697.9,7.94,443,0,96.62
19,29.27,28.1,0,1070.86,12.12,443,1,87.05
16,33.53,27.19,1,811.83,2.07,443,0,80.55
9,25.33,41.69,0,1074.86,10.62,443,0,94.74
13,17.89,9.71,0,835.8,21.37,443,0,88.68
13,24.13,40.57,0,647.06,1.5,443,0,85.52
16,52.58,25.75,0,1055.52,1.36,443,0,95.26
16,13.8,29.89,0,842.47,3.62,80,0,100.0
11,32.44,41.76,0,992.37,1.76,443,0,88.45
14,52.43,30.61,0,586.33,1.17,443,0,90.08
15,10.31,29.0,0,1007.75,11.34,443,0,78.18
19,35.91,27.42,0,1013.78,2.41,443,0,87.77
16,17.97,20.17,0,857.95,11.0,443,0,92.21
17,22.43,24.72,1,638.62,19.8,443,1,89.8
14,17.95,17.84,0,790.8,10.56,443,0,86.38
19,19.02,24.55,0,922.26,1.27,443,0,97.26
15,70.83,1.64,0,846.91,8.52,443,0,90.58
10,42.67,29.29,0,920.22,5.0,80,0,100.0
19,46.53,23.78,0,1002.45,4.21,443,0,92.08
16,37.38,21.64,0,670.31,3.84,443,0,62.53
12,5.91,27.2,0,568.98,26.51,22,0,78.88
12,35.92,10.66,0,792.49,13.57,443,0,95.32
15,46.09,44.29,0,734.05,1.44,443,0,83.57
15,17.2,23.97,0,957.17,6.46,443,0,84.19
14,44.48,23.54,0,585.1,3.83,443,0,77.61
15,40.57,15.35,0,1004.08,38.14,443,0,85.23
20,57.78,25.24,0,1070.72,38.18,443,0,91.94
18,23.73,38.87,0,800.06,3.85,443,0,93.86
14,13.54,35.36,0,812.15,4.34,22,0,79.8
17,24.58,33.54,0,646.49,9.15,443,0,98.05
9,51.53,30.46,0,691.47,6.53,443,0,78.09
15,2.57,21.41,1,718.33,2.4,443,0,94.38
21,1.03,10.5,0,1088.59,10.8,443,0,93.37
13,31.34,22.99,0,785.63,4.07,443,0,80.66
10,23.36,22.64,0,535.57,10.6,22,0,79.47
11,30.12,35.49,0,851.07,4.84,443,0,93.82
9,44.18,28.09,0,965.26,12.05,8080,0,84.4
10,21.71,41.12,0,794.92,11.02,443,0,88.1
12,1.9,36.97,0,1093.84,7.11,443,0,96.87
8,60.67,20.44,0,955.5,12.2,443,0,94.79
14,15.04,7.05,0,590.17,6.18,443,0,80.84
17,14.11,38.86,0,689.71,1.23,443,0,89.46
10,46.56,38.59,2,845.25,2.01,443,0,80.65
20,24.23,11.34,0,466.76,2.82,443,0,98.7
16,29.05,40.09,0,867.27,0.65,443,0,100.0
18,37.24,28.82,0,447.68,12.43,80,0,81.55
11,46.25,26.61,0,1004.69,4.58,443,0,89.69
17,25.0,41.15,2,981.45,0.98,443,0,99.17
9,52.8,38.45,0,900.96,17.15,443,0,90.24
17,2.04,31.51,0,664.82,11.51,443,0,95.62
14,41.4,29.73,1,834.04,6.02,80,0,90.52
16,17.41,31.16,0,697.32,2.84,443,0,79.43
9,50.58,21.0,0,593.84,1.65,22,0,91.19
10,32.13,24.45,0,732.25,6.13,80,0,100.0
16,19.91,15.98,0,939.65,21.65,443,0,93.14
10,39.94,21.67,0,808.76,2.09,443,0,100.0
15,43.4,21.33,0,1090.14,8.41,80,0,72.28
8,39.63,18.65,0,953.16,32.62,80,0,93.79
17,14.55,26.37,0,931.74,10.14,443,0,83.52
9,22.74,21.76,0,478.21,5.8,22,0,81.24
16,29.94,30.02,1,742.97,12.6,22,0,100.0
16,29.38,8.78,0,587.13,17.41,443,0,87.45
11,41.25,23.87,0,763.4,8.93,80,0,86.48
16,0.22,26.32,0,661.34,20.54,443,0,93.44
15,35.01,21.89,0,724.48,7.23,443,0,68.47
11,25.65,23.28,0,1012.23,17.72,443,0,100.0
9,17.42,9.15,0,895.05,30.37,443,0,100.0
6,18.86,28.56,0,1001.42,6.96,80,0,99.15
15,26.78,31.48,1,479.86,9.29,443,0,94.12
7,24.02,29.94,0,811.59,9.4,443,0,87.83
14,19.48,35.39,0,993.34,15.21,80,1,79.25
12,16.86,27.02,0,1101.26,17.31,443,1,100.0
16,37.99,29.79,0,490.38,0.28,443,0,99.16
12,17.92,26.56,0,729.7,13.22,443,1,94.5
12,26.77,31.88,0,1006.85,15.32,443,0,93.34
16,53.13,9.23,0,761.54,12.05,80,0,93.01
15,44.92,16.06,0,617.92,12.51,443,0,84.74
15,43.53,40.87,0,490.0,0.42,443,0,100.0
15,22.5,0.4,0,610.26,5.83,443,0,87.14
7,38.15,23.6,0,462.22,17.05,443,0,85.73
17,26.49,36.72,0,811.69,27.18,443,1,100.0
16,27.06,24.07,0,979.26,2.61,443,0,89.71
9,36.15,20.95,0,547.81,8.66,443,0,89.81
13,21.05,26.29,0,851.55,16.31,443,0,100.0
13,52.4,21.47,0,969.05,13.96,443,0,96.79
13,27.6,25.31,0,799.46,9.65,443,0,97.29
15,39.28,18.17,0,477.86,0.19,443,0,75.82
19,51.83,36.09,0,877.24,12.87,80,1,94.01
18,45.47,39.23,0,789.07,14.84,443,1,79.94
8,8.87,23.67,1,768.7,12.83,443,0,85.45
16,36.67,11.14,0,690.63,14.52,80,0,91.76
19,42.76,19.76,0,817.36,5.64,22,0,89.64
15,43.38,23.16,1,901.96,50.76,443,0,96.54
18,13.3,30.06,0,1278.13,14.73,443,0,97.71
22,20.14,14.92,0,822.47,8.64,443,0,98.46
18,44.92,17.31,0,1102.23,27.21,22,0,76.56
14,18.57,30.11,0,871.55,23.88,443,0,100.0
18,25.5,34.39,2,780.09,16.85,8080,0,89.75
14,53.64,18.78,0,829.71,8.29,443,0,100.0
14,29.28,11.67,0,555.65,7.49,443,0,64.86
12,19.1,57.84,0,861.17,3.99,80,0,87.35
20,16.84,32.83,0,401.59,2.89,80,0,75.39
10,34.99,22.33,0,627.47,7.18,80,0,81.39
20,10.0,33.69,2,821.97,8.62,80,0,90.51
15,26.29,23.76,1,1038.8,2.8,80,0,86.65
8,35.0,33.67,0,1086.12,25.59,443,0,100.0
15,49.49,26.59,0,752.69,8.15,443,0,100.0
5,40.01,25.91,0,831.14,7.48,443,0,80.33
16,19.29,23.86,1,996.87,5.72,443,0,85.12
17,47.68,10.53,0,534.1,0.6,443,0,79.69
11,25.51,44.38,0,880.95,21.4,443,0,100.0
14,11.46,15.58,0,634.42,3.81,443,0,91.59
21,27.42,11.4,0,765.63,10.29,443,0,90.32
11,51.57,22.87,0,708.2,9.35,22,0,93.12
9,32.48,15.39,0,887.07,8.78,443,0,86.89
19,30.19,24.48,0,910.06,7.46,443,0,81.44
21,54.56,31.88,0,978.22,2.0,443,0,90.51
14,8.53,34.95,0,869.64,3.29,443,0,87.33
18,10.72,33.15,0,834.33,7.43,443,0,93.47
19,5.76,21.94,0,1170.8,15.58,443,0,73.68
11,35.59,25.5,0,495.13,5.66,443,0,91.86
12,32.5,29.08,0,1139.12,2.28,80,0,83.11
18,53.14,7.42,0,742.04,0.92,80,0,91.51
20,33.65,30.71,0,914.18,10.88,443,0,99.05
16,23.94,10.43,0,734.87,5.51,443,0,84.44
10,30.03,45.4,0,659.49,1.34,443,0,100.0
21,31.77,20.95,0,896.92,11.22,80,0,72.59
11,4.92,23.15,0,1008.43,2.33,443,0,100.0
12,70.65,17.3,0,894.6,7.11,443,0,100.0
15,37.8,18.7,1,691.58,3.66,443,0,81.13
20,33.15,47.74,0,1522.27,26.84,443,0,81.22
17,39.23,34.4,0,1039.71,2.59,443,0,75.05
15,40.64,9.51,0,986.67,5.45,443,0,99.21
15,27.89,40.04,2,729.41,32.06,80,1,86.7
14,20.53,36.93,0,674.97,3.84,443,0,85.96
16,38.99,22.19,1,744.03,10.34,443,0,78.77
3,35.79,28.07,0,1016.28,3.81,80,0,100.0
12,17.85,24.85,0,601.88,1.17,80,0,80.27
14,51.29,44.73,0,586.36,9.88,443,0,90.24
9,34.4,17.04,0,907.91,24.77,443,0,92.16
15,40.95,26.46,0,863.84,6.03,443,0,86.01
13,50.88,20.72,0,645.94,9.84,443,0,83.99
21,30.33,10.67,0,581.76,9.39,443,0,86.31
20,34.75,46.92,0,1087.58,5.36,80,1,95.65
12,42.15,13.18,0,871.4,9.54,443,1,86.53
13,19.13,27.2,0,527.29,3.0,443,0,100.0
13,30.81,7.59,0,541.27,4.75,443,0,82.23
12,31.88,21.01,2,727.7,5.84,443,0,97.54
14,15.66,29.22,0,946.57,19.95,443,0,72.44
10,64.76,16.75,0,919.0,4.28,443,0,82.23
9,8.89,30.87,0,1026.34,10.08,443,0,81.84
16,10.53,22.31,0,501.93,2.4,443,0,78.96
16,49.71,36.6,0,844.77,2.91,443,0,92.83
10,40.7,38.62,0,1085.18,10.45,443,0,88.9
17,14.61,19.13,0,1066.56,14.37,443,0,67.21
11,39.11,25.77,0,871.78,6.2,443,0,100.0
15,52.02,26.83,0,1269.6,4.08,443,0,91.76
17,29.55,31.19,0,921.86,24.11,80,0,90.01
13,68.98,25.14,0,1008.55,1.46,80,0,100.0
15,4.14,26.9,0,808.89,12.76,80,1,99.89
11,40.41,22.57,0,643.8,11.72,443,0,87.02
13,47.5,26.15,0,624.96,11.72,443,0,70.47
13,43.37,37.98,1,836.32,27.4,443,0,95.64
11,26.93,31.46,0,757.7,13.03,80,0,80.37
13,25.64,32.01,0,446.28,3.59,80,0,100.0
7,36.66,32.23,0,594.84,4.36,80,0,82.24
12,42.24,23.46,0,736.32,4.96,443,0,85.48
12,39.04,28.19,2,945.46,0.31,80,0,76.57
12,45.6,14.15,3,796.79,24.48,80,0,77.38
13,14.72,37.69,0,785.59,0.76,443,0,88.91
13,26.58,2.83,0,602.62,12.03,443,0,87.98
15,15.9,24.13,0,804.63,13.1,443,0,85.24
17,24.21,36.41,0,1063.82,18.56,443,1,100.0
11,45.23,11.36,2,831.12,8.06,443,0,96.04
9,31.62,29.0,0,498.54,12.92,80,0,90.1
9,69.1,18.19,0,549.7,3.61,80,1,62.43
12,32.9,21.31,0,917.76,13.69,22,0,98.26
12,30.9,34.46,0,755.14,4.21,443,0,100.0
10,31.59,26.98,2,785.08,23.31,443,0,88.12
8,20.43,4.66,0,677.45,1.78,443,0,81.89
12,29.13,15.24,0,900.68,3.79,443,0,91.63
14,46.92,34.75,0,739.82,6.91,443,0,75.69
16,31.71,29.49,0,762.68,14.95,80,0,94.62
11,18.1,42.48,1,629.76,13.82,443,0,100.0
12,16.12,41.83,3,984.34,2.37,443,0,83.29
10,23.25,21.58,1,755.77,1.56,443,0,83.61
13,31.11,50.03,0,921.58,3.62,22,0,89.2
10,47.9,25.24,0,561.28,6.61,443,0,84.99
16,9.89,15.37,0,1146.78,7.74,443,0,74.88
6,25.2,18.66,0,1055.47,5.61,8080,0,86.15
12,32.16,2.43,0,418.04,10.88,443,0,84.13
15,2.49,41.07,0,639.61,5.58,443,0,100.0
14,17.5,40.95,0,895.53,29.25,443,0,100.0
23,19.8,14.84,0,536.05,3.02,443,0,100.0
15,18.06,22.72,0,773.68,9.87,443,0,98.02
9,32.88,25.96,0,885.33,9.45,80,0,92.06
13,27.59,15.4,1,763.05,3.31,443,0,81.26
6,21.67,7.45,0,907.77,5.3,443,0,100.0
13,36.42,22.9,0,661.33,4.55,443,0,93.48
10,55.85,21.79,1,351.16,1.89,443,0,77.52
17,54.59,21.12,0,996.42,6.49,443,0,80.86
11,1.16,27.23,0,995.16,4.89,443,0,77.36
13,38.66,39.3,0,1300.73,1.96,443,0,69.48
11,27.33,21.97,0,358.56,5.98,443,0,93.89
20,32.33,26.7,0,950.17,5.48,443,1,77.62
12,24.03,32.27,0,406.26,1.41,443,0,82.44
21,31.76,30.54,0,1151.3,1.41,443,0,90.39
17,32.27,18.86,0,897.57,10.43,443,0,88.12
15,21.32,25.96,0,609.61,12.26,80,0,82.87
15,16.55,30.48,0,956.04,28.33,443,0,100.0
15,23.27,13.72,0,689.39,0.91,80,0,74.73
6,33.51,37.64,0,860.08,1.25,443,0,75.17
12,38.98,39.32,0,841.19,0.53,8080,1,94.58
17,42.8,17.77,0,1148.83,7.6,443,0,83.74
13,22.59,26.94,0,1162.99,9.75,22,1,83.35
8,34.26,31.42,0,680.55,5.17,443,0,79.21
13,44.44,19.54,0,1011.62,15.99,80,0,93.38
20,47.48,29.82,0,870.97,11.61,22,0,92.26
18,29.12,26.63,0,517.46,42.57,443,0,91.19
13,26.69,10.32,0,660.75,1.48,80,0,84.17
17,32.87,29.59,3,1267.23,0.6,443,0,82.49
12,12.75,14.0,1,871.57,3.21,443,0,88.37
7,27.1,34.39,0,999.96,0.19,443,1,99.67
10,41.17,18.29,0,757.59,26.97,443,0,100.0
20,39.63,23.39,0,692.01,3.62,443,0,100.0
12,25.95,38.72,0,805.45,8.04,8080,0,95.06
13,33.27,29.96,0,746.78,3.83,80,0,99.82
12,17.63,14.21,0,501.35,2.82,80,1,78.18
21,40.55,14.85,0,599.33,1.65,443,0,82.86
20,28.83,19.01,0,941.58,3.86,443,0,95.24
22,25.86,28.95,0,723.86,9.56,443,0,88.82
13,24.57,28.58,0,805.14,35.62,443,1,93.38
15,29.06,16.57,0,846.98,8.17,443,0,99.79
7,23.28,13.33,0,862.61,7.61,443,0,98.24
19,39.87,27.82,0,1029.32,0.36,80,0,79.09
9,24.07,23.18,3,580.26,18.33,443,0,90.12
14,53.89,46.57,0,914.05,0.46,443,0,80.79
9,51.98,25.37,2,951.01,23.67,443,0,82.23
11,16.63,43.14,0,997.17,7.74,443,1,72.89
10,31.05,13.3,0,517.42,1.84,443,0,91.34
11,20.24,9.27,0,850.96,6.01,443,0,72.15
11,25.1,13.8,0,1143.22,52.95,443,0,93.94
11,60.04,36.89,0,780.18,3.64,22,0,100.0
17,25.39,42.56,0,896.7,3.14,443,0,95.3
9,35.4,17.18,0,956.08,1.26,80,1,90.52
14,38.12,20.39,0,594.91,9.09,443,0,100.0
18,14.99,13.31,0,1166.76,0.93,443,1,93.27
11,17.17,6.88,0,899.9,14.52,80,0,81.37
11,11.91,32.18,0,903.9,25.16,443,0,91.25
13,16.71,27.23,0,467.59,26.86,443,0,100.0
18,12.75,25.1,0,958.91,1.14,443,0,79.07
14,38.17,11.0,0,901.28,8.17,80,0,76.2
11,60.81,41.4,0,1124.84,1.02,443,0,96.15
15,32.22,19.97,0,737.75,8.49,443,0,87.76
9,8.76,30.34,0,602.47,16.87,443,0,84.68
16,20.36,10.45,0,663.55,7.72,443,0,77.41
15,23.12,23.09,0,699.0,20.56,80,1,70.5
12,14.74,27.91,0,576.23,16.18,80,0,75.44
10,42.9,28.27,0,1058.03,3.24,443,0,100.0
10,42.15,26.55,0,1065.54,9.95,443,0,89.91
16,12.67,29.95,0,760.84,0.07,22,0,70.38
18,40.88,13.69,0,721.45,5.04,443,0,100.0
11,52.9,26.97,0,436.9,2.72,80,0,100.0
15,58.54,26.14,0,939.19,27.66,443,0,100.0
5,72.98,27.32,0,1130.69,5.2,443,1,85.77
11,16.47,25.72,1,672.56,10.62,80,0,87.31
13,72.36,12.27,0,776.64,13.17,443,0,91.38
10,24.69,11.82,3,886.86,14.84,80,0,100.0
10,21.11,2.86,0,1144.88,13.31,443,0,84.45
11,34.91,33.18,0,839.96,3.41,443,0,82.46
15,21.27,33.28,0,839.09,11.59,80,0,96.96
13,35.99,33.44,0,835.86,7.96,443,0,100.0
5,10.2,28.07,0,514.99,9.1,80,0,89.47
5,26.42,3.67,0,510.64,0.01,8080,0,96.7
11,49.28,14.73,0,638.4,2.99,8080,0,91.12
15,29.14,26.7,0,1002.58,26.69,80,0,87.49
3,32.12,26.36,0,732.93,3.43,443,0,81.71
12,37.13,22.77,0,694.08,5.76,443,0,78.46
11,47.56,28.69,0,690.57,2.07,80,1,83.85
19,5.17,25.12,0,772.47,1.49,443,0,80.24
12,38.77,26.21,1,1140.42,2.34,443,0,92.83
15,25.98,18.61,0,769.76,8.07,443,1,100.0
14,32.5,34.82,0,642.74,25.14,443,0,92.04
5,45.9,20.69,0,805.05,3.95,22,1,80.79
17,12.09,11.69,1,1151.02,3.91,443,0,98.55
14,14.81,17.29,0,699.44,8.3,443,0,92.97
16,0.97,21.52,0,563.8,4.41,443,0,94.95
23,21.76,34.94,0,699.8,24.13,80,0,84.81
5,49.96,24.58,0,825.75,4.75,22,0,100.0
20,28.19,23.14,0,937.65,6.74,443,0,100.0
12,9.9,12.51,0,1001.38,7.62,80,0,88.16
15,22.71,32.85,0,590.86,15.24,443,0,97.18
13,7.68,18.48,1,609.83,8.3,443,0,100.0
12,13.12,24.0,0,735.35,2.73,80,0,85.35
11,35.83,39.8,2,936.9,1.32,443,0,89.19
15,12.39,30.09,0,548.0,27.77,443,0,90.8
7,46.69,8.72,0,678.53,16.17,443,0,79.02
17,28.93,7.3,0,681.45,0.23,443,0,94.42
12,31.28,24.36,0,988.35,17.23,443,0,100.0
9,25.82,12.87,0,905.65,8.93,443,0,88.56
12,41.59,31.49,0,980.74,7.32,443,0,93.4
19,41.75,25.42,0,1067.74,0.12,443,1,100.0
11,35.03,26.65,0,738.87,15.18,443,0,85.95
15,38.47,17.93,0,562.52,2.21,443,0,93.6
11,26.82,42.41,0,563.81,13.02,22,0,84.3
17,38.13,53.43,0,432.38,0.16,443,0,84.03
16,24.93,22.21,0,708.25,15.91,8080,0,93.42
21,30.03,28.53,0,723.16,0.23,443,0,92.41
13,25.88,25.97,0,957.51,2.69,80,0,95.55
16,23.14,22.4,0,803.38,3.12,443,0,90.76
14,19.66,16.68,0,701.93,1.71,80,0,94.65
19,37.02,14.15,0,776.8,6.56,443,0,100.0
11,49.66,13.64,0,592.21,3.34,443,0,100.0
16,47.57,29.05,0,1005.08,50.04,443,0,93.38
13,11.15,19.8,0,642.82,8.67,443,0,95.05
13,49.34,0.78,0,572.01,8.36,80,0,87.01
14,25.23,29.45,0,963.58,2.5,22,0,88.41
15,39.01,24.62,0,914.83,5.25,443,0,94.92
13,16.41,38.47,0,455.26,1.32,22,0,90.88
14,32.13,28.73,1,971.0,14.38,443,0,97.93
20,34.71,10.21,0,651.68,4.02,80,0,100.0
17,7.73,2.7,0,725.18,13.94,8080,0,88.98
17,39.12,17.81,0,837.4,4.65,443,0,69.91
12,50.19,18.75,0,917.32,44.88,443,0,100.0
10,27.38,34.43,0,889.1,1.88,443,0,83.48
17,50.4,24.91,0,790.04,0.02,443,0,91.95
17,27.15,36.34,0,715.07,9.03,80,1,97.27
19,42.74,11.75,0,882.44,30.57,443,0,100.0
11,3.28,34.65,0,776.32,10.41,8080,0,100.0
13,66.28,32.21,1,1161.07,0.9,443,0,86.36
7,52.43,4.82,0,917.28,7.78,443,0,100.0
12,25.73,38.23,0,615.32,24.02,443,1,91.98
17,0.42,25.93,0,704.48,0.07,22,0,100.0
12,34.32,28.92,0,809.64,1.83,443,0,100.0
16,8.34,16.35,0,1059.89,16.85,8080,0,88.23
13,36.67,37.75,0,1082.22,22.43,443,0,82.07
15,36.17,13.14,0,720.77,12.28,443,0,63.73
9,15.88,33.32,0,613.27,47.75,443,0,96.75
14,46.81,33.21,0,587.7,0.95,80,1,100.0
2,42.08,15.26,0,850.49,7.89,443,0,97.45
13,44.64,44.83,0,1260.76,11.55,443,0,66.47
7,30.13,27.32,0,907.82,12.13,443,0,77.42
18,8.77,31.54,0,481.22,15.77,443,0,94.81
17,44.67,9.73,0,654.8,24.96,443,1,100.0
15,25.94,46.18,0,675.22,4.49,80,0,89.44
20,9.15,12.75,0,635.6,0.44,443,0,100.0
10,50.28,35.25,0,722.42,4.5,80,0,79.66
20,61.49,15.05,0,873.88,11.14,443,0,92.07
17,29.38,18.81,1,936.4,2.4,443,0,87.25
13,62.39,32.89,0,1018.35,16.61,443,0,100.0
18,31.37,35.28,0,904.84,2.48,443,0,84.6
9,24.29,12.29,0,409.17,0.1,80,0,100.0
10,20.54,35.9,0,588.54,7.09,80,0,86.92
11,54.56,35.45,0,768.38,12.96,443,0,79.3
11,18.3,15.62,0,829.46,4.3,22,0,79.64
9,41.03,40.99,1,972.28,13.82,443,0,83.78
18,21.61,10.43,0,808.64,5.77,80,0,93.71
12,23.1,18.75,0,810.14,1.88,443,0,83.9
15,45.45,29.79,1,847.56,0.95,443,0,81.8
11,24.3,16.46,0,749.0,12.4,443,0,98.9
6,23.93,27.64,0,817.38,4.87,443,0,57.89
15,46.99,27.41,2,1025.17,24.39,8080,0,85.7
6,53.96,23.13,0,783.22,7.77,443,0,76.66
13,39.67,33.32,0,793.96,4.28,443,0,81.31
8,20.18,22.72,0,793.28,4.29,443,0,92.44
21,22.34,27.32,0,1059.55,1.41,443,0,87.95
17,31.2,36.46,0,578.39,9.01,443,0,87.04
14,34.81,32.91,1,1155.17,8.73,443,0,100.0
19,15.18,32.86,0,564.72,16.09,443,0,89.86
10,40.85,13.51,0,669.16,2.25,443,0,100.0
16,31.28,30.25,1,948.95,3.44,443,1,97.12
14,4.26,16.22,0,1006.06,1.02,443,0,80.33
15,16.07,12.19,0,519.3,3.5,80,0,100.0
19,22.44,24.28,0,581.46,5.59,80,0,92.78
16,28.91,15.96,1,855.57,33.25,80,0,100.0
15,58.34,32.91,2,1268.88,10.59,8080,0,87.34
7,33.57,33.15,0,1049.25,15.27,80,0,92.72
10,17.39,5.97,0,750.38,3.94,443,0,94.32
13,33.31,16.72,0,316.17,1.56,443,1,88.32
14,24.72,10.4,0,816.33,2.97,22,1,100.0
9,34.87,20.37,1,872.46,2.96,443,0,100.0
23,38.71,29.55,0,723.46,8.75,443,1,67.07
20,48.14,22.58,0,629.86,4.18,443,0,98.15
16,29.64,19.1,0,831.83,19.48,8080,0,81.05
14,54.58,38.0,0,611.55,44.69,80,0,64.07
13,43.62,1.95,0,1174.49,4.21,443,0,95.17
10,19.39,37.37,0,1103.35,12.21,8080,0,95.19
14,63.15,19.56,1,931.58,10.71,8080,0,96.8
15,34.9,24.22,1,817.94,2.16,443,1,93.71
9,17.47,19.73,0,667.97,25.01,80,0,98.75
15,54.79,40.43,0,795.84,2.22,80,1,83.97
13,61.17,12.69,0,1127.86,13.35,443,0,92.63
6,29.5,25.12,0,973.73,4.27,443,0,96.98
10,22.45,30.27,0,840.74,4.57,443,0,100.0
12,27.41,8.89,0,984.79,6.08,443,0,90.44
21,40.72,15.8,0,909.12,19.99,22,0,87.86
16,49.17,23.52,0,879.26,1.51,443,0,89.45
8,38.56,16.13,0,996.11,0.56,443,0,78.06
15,31.53,16.84,0,903.41,5.14,22,0,97.7
7,52.47,21.5,0,971.71,0.57,8080,0,75.43
18,25.31,31.5,0,832.28,11.63,443,0,93.91
12,45.46,21.57,0,749.17,14.28,22,0,90.85
13,25.68,35.78,0,690.37,19.29,443,1,74.49
19,36.47,15.02,0,666.54,13.62,443,0,75.06
8,28.3,12.48,0,478.97,24.81,80,0,81.46
8,29.16,44.26,0,617.61,13.8,80,0,86.56
11,24.34,18.42,0,611.83,27.5,80,0,100.0
18,50.17,11.89,0,698.53,2.15,443,0,88.89
7,19.01,7.58,0,1112.45,6.93,443,0,95.46
2,18.9,35.75,1,768.49,51.04,22,0,100.0
12,61.81,21.59,0,848.35,11.44,443,0,100.0
16,44.67,22.46,0,854.66,21.09,443,0,89.93
18,5.78,23.41,2,1117.52,0.31,80,0,82.94
12,21.52,35.13,0,684.88,20.54,443,0,94.99
12,2.82,23.2,0,755.5,11.96,443,0,83.14
18,15.74,48.44,0,778.76,1.87,443,0,100.0
6,17.08,26.34,0,1027.31,0.26,80,0,98.68
12,27.95,35.62,0,1068.82,3.01,8080,0,92.09
14,12.87,33.05,0,894.92,24.74,443,0,95.13
15,30.9,24.64,0,1046.58,11.03,443,0,91.78
11,5.62,19.13,1,835.53,25.19,443,0,86.32
14,31.24,28.32,0,765.48,5.91,80,0,94.99
4,23.78,30.1,0,1035.74,27.59,443,0,87.57
11,52.53,19.27,0,897.52,6.22,80,0,100.0
15,51.17,26.66,0,652.89,2.28,443,0,83.07
10,41.78,37.36,0,999.48,1.64,443,0,95.09
14,25.1,45.7,0,758.3,50.85,80,0,82.17
15,59.78,33.54,0,733.84,4.06,443,0,82.07
12,6.7,43.63,0,978.6,1.74,80,0,72.14
14,8.95,18.71,0,782.23,0.08,443,0,94.11
10,28.74,32.02,0,877.79,3.36,443,0,84.68
13,63.81,38.39,1,932.39,21.99,443,0,100.0
16,26.96,16.04,0,643.41,7.64,443,1,94.13
14,27.25,20.14,0,876.97,10.01,443,0,91.48
11,8.37,42.38,0,1069.89,25.56,80,0,75.9
14,44.19,15.25,2,608.71,7.19,443,0,95.85
16,44.3,11.59,1,889.98,18.22,80,0,83.38
5,41.84,40.28,0,634.11,3.91,443,0,75.67
18,20.56,36.97,0,1004.28,37.77,443,0,94.31
12,19.4,29.32,0,1002.38,0.82,443,0,77.42
15,10.6,24.54,0,729.14,12.9,80,0,69.09
18,31.26,20.61,0,1241.93,10.8,443,0,100.0
8,13.79,27.82,0,1021.33,2.13,443,0,84.39
11,12.34,40.8,0,941.39,4.92,443,0,72.56
12,23.64,27.39,0,930.12,3.75,443,0,80.37
10,22.66,46.67,0,996.79,0.99,443,0,82.79
20,21.93,16.02,0,600.87,8.79,443,0,100.0
10,37.0,24.8,0,838.92,50.62,443,0,73.37
11,31.19,21.27,0,876.64,8.2,443,0,76.61
14,25.68,14.15,0,719.97,7.88,80,0,99.8
9,32.75,23.47,0,892.96,0.41,80,0,85.5
12,15.13,29.17,0,1046.34,1.5,443,0,92.28
15,31.58,30.24,0,715.65,7.2,443,0,85.09
12,32.26,46.7,0,789.12,42.12,443,0,100.0
13,7.45,29.64,0,635.88,20.92,80,0,77.1
11,44.94,36.5,1,442.6,4.16,443,0,92.82
7,16.78,25.66,0,955.79,7.83,443,0,100.0
15,31.35,41.78,0,794.85,8.05,22,0,86.25
21,47.47,48.98,0,809.52,11.56,8080,1,82.46
14,43.89,30.31,1,602.65,11.64,80,0,97.67
14,30.52,15.07,0,762.9,15.6,8080,0,100.0
16,24.56,19.51,0,1019.32,0.25,80,0,82.0
8,44.21,27.82,0,800.16,28.77,80,0,100.0
20,40.12,29.56,0,805.84,0.73,443,0,90.51
14,20.72,31.98,0,841.51,6.47,8080,0,95.09
20,18.08,29.6,0,552.72,25.2,80,0,100.0
11,1.09,25.07,0,924.98,6.69,443,0,97.69
21,32.31,18.64,0,548.96,0.66,443,0,90.0
17,28.76,29.01,0,612.08,2.6,443,0,83.28
16,47.04,43.55,0,590.16,8.64,8080,0,100.0
14,35.39,35.2,1,764.96,0.92,443,0,82.11
13,50.01,30.35,0,729.51,5.51,443,0,93.18
18,19.54,35.3,0,799.75,3.99,443,0,95.1
14,47.07,21.29,0,618.95,16.89,8080,0,95.57
6,22.07,19.92,0,1001.1,1.17,443,0,100.0
9,41.66,17.52,0,966.81,11.48,443,0,90.48
13,8.12,23.75,0,765.24,5.22,443,0,89.05
15,33.53,20.78,0,704.33,8.86,443,0,100.0
13,0.23,37.08,0,684.13,2.3,443,0,88.64
18,25.99,20.25,0,737.97,9.41,443,0,98.76
6,36.61,16.97,0,519.95,11.21,443,0,91.94
14,22.19,44.43,0,608.08,0.73,443,0,99.21
6,14.24,20.49,0,972.02,17.39,443,0,97.25
17,42.69,26.54,0,860.36,19.75,443,0,85.97
13,28.45,29.51,0,1126.85,0.66,22,0,71.56
15,22.66,13.63,0,740.16,9.24,443,0,73.26
10,30.63,37.35,0,727.7,9.01,443,0,71.6
19,69.55,31.37,0,718.42,0.13,443,0,89.09
18,47.3,40.58,0,736.17,4.19,443,1,66.47
16,47.44,18.21,1,668.01,34.71,443,0,88.4
13,36.53,25.99,0,854.2,8.11,443,0,91.34
16,32.5,25.39,0,805.82,27.06,80,0,98.56
11,5.94,27.64,0,698.02,11.26,443,0,95.04
17,19.82,10.45,0,1050.23,0.29,443,0,99.02
20,22.79,26.11,0,1179.32,0.81,22,1,94.14
18,1.88,10.74,0,1033.32,12.81,443,0,86.76
11,12.64,28.58,0,911.62,8.09,80,0,88.94
15,0.29,3.71,0,952.35,1.36,443,0,81.48
8,29.43,6.48,0,1171.28,9.52,443,0,92.28
16,42.28,33.19,0,952.06,16.62,443,0,74.16
15,46.6,19.53,0,682.96,13.98,443,0,100.0
6,36.22,15.12,0,878.45,2.83,22,0,80.43
9,15.55,37.71,0,925.25,2.99,443,0,91.54
12,1.02,28.28,0,601.06,34.37,443,0,93.21
12,3.65,33.72,0,743.01,21.84,443,0,100.0
9,10.97,23.34,0,1020.08,3.83,443,0,73.19
15,16.67,51.8,0,435.3,17.38,80,0,86.75
15,27.6,18.95,0,549.91,1.76,443,0,95.5
13,14.79,42.44,0,764.72,2.19,80,0,100.0
10,35.08,24.39,0,870.74,2.0,80,0,89.61
18,26.52,8.45,0,528.47,0.92,443,0,84.06
20,30.16,29.83,0,774.64,19.29,443,0,100.0
12,47.1,28.15,0,1030.75,8.65,443,0,98.03
11,12.3,14.49,1,813.73,3.0,443,0,100.0
15,36.28,15.78,0,987.82,18.88,443,0,77.9
12,29.79,24.75,0,681.58,16.23,8080,0,95.21
13,25.0,28.5,1,638.02,1.06,443,0,79.17
16,43.28,0.29,2,969.77,10.33,443,0,76.95
6,43.19,35.53,0,873.85,12.8,443,0,95.82
19,15.8,20.06,0,562.88,12.58,443,0,96.52
14,27.27,11.68,1,639.83,12.84,443,0,85.18
12,34.22,34.41,0,1112.92,1.86,443,0,100.0
13,25.9,24.76,0,615.09,3.78,443,0,86.31
13,38.78,37.16,0,986.87,18.59,443,0,87.3
7,34.22,29.38,1,704.36,22.87,443,0,89.64
19,57.49,24.98,0,799.36,3.27,22,0,87.57
14,7.05,23.47,0,858.92,0.23,443,0,100.0
15,28.16,29.83,0,379.8,19.64,80,0,79.58
17,16.37,20.86,0,507.46,4.73,443,0,82.46
9,39.06,16.47,1,817.27,4.0,80,0,78.09
15,5.74,31.1,0,655.14,4.26,443,1,100.0
12,35.19,23.56,0,999.32,5.37,80,0,86.75
17,20.55,25.34,0,478.78,4.75,80,0,82.31
5,18.99,35.89,0,913.05,8.36,80,0,87.13
13,8.3,23.86,0,524.76,0.82,80,0,98.49
11,23.02,25.15,0,729.58,35.59,443,0,96.64
15,46.27,19.0,0,587.12,27.56,443,0,84.25
15,29.62,29.31,0,1180.49,27.24,443,0,86.0
11,39.42,28.5,0,532.1,21.14,443,0,75.45
11,54.97,34.01,0,775.59,10.8,443,1,91.39
13,33.96,19.21,0,454.63,2.5,443,0,100.0
10,21.62,20.42,1,1119.91,0.51,443,0,84.18
17,37.01,32.92,0,880.26,1.05,443,0,96.36
12,21.84,27.52,0,827.39,3.92,443,0,84.18
2,22.43,15.94,0,1094.86,7.01,443,0,79.04
12,7.2,38.07,0,829.48,49.99,443,0,96.8
9,43.89,8.02,2,843.91,5.72,443,1,100.0
7,24.21,32.84,0,826.35,7.44,8080,0,95.43
9,32.73,12.35,0,912.73,11.88,80,0,85.86
14,14.46,43.86,0,701.51,1.99,443,0,86.51
19,36.54,9.55,0,757.14,27.0,443,0,100.0
15,18.57,36.52,0,962.07,7.53,443,0,93.07
11,27.87,24.18,0,855.47,3.23,443,0,82.34
15,43.17,21.33,0,777.15,27.35,443,0,89.38
12,41.86,26.85,1,519.9,9.82,22,0,92.15
11,29.67,31.32,0,1099.61,6.61,8080,0,94.69
9,3.48,15.96,3,667.71,8.68,80,0,100.0
6,74.89,16.84,0,997.45,13.8,443,0,100.0
12,56.19,31.5,0,835.15,1.68,443,0,91.98
14,40.84,7.93,0,541.31,20.01,443,0,89.59
13,18.7,19.16,0,1050.46,32.07,443,0,93.96
12,28.3,55.41,0,850.91,8.37,443,0,83.92
10,21.85,15.32,0,1067.07,11.47,443,1,99.8
16,48.96,36.48,0,763.52,19.65,80,0,87.97
8,33.94,19.14,0,940.81,4.7,80,0,94.91
17,18.24,30.09,0,447.49,49.38,443,1,100.0
9,22.94,31.54,0,699.96,11.41,80,0,95.53
10,46.82,36.29,1,545.4,5.52,443,0,92.31
8,54.0,23.0,0,725.04,11.31,443,0,84.83
11,52.92,44.89,0,894.36,7.37,443,0,89.22
17,41.36,19.11,0,679.08,1.18,443,0,78.64
16,26.21,27.34,0,972.77,15.89,443,0,95.33
17,18.62,27.45,0,628.68,8.31,443,0,68.66
16,34.46,13.78,0,977.05,15.89,8080,1,99.68
9,29.97,22.14,0,1061.95,1.68,443,0,97.32
12,32.1,26.62,0,1002.71,7.73,22,1,90.98
10,30.81,20.68,0,731.16,14.55,443,0,84.67
19,10.11,49.41,0,374.91,44.49,443,0,89.84
9,38.36,16.61,0,916.43,21.58,443,0,72.26
17,39.48,36.79,0,774.95,19.98,443,0,98.24
17,40.24,33.56,0,604.32,2.84,443,0,88.36
21,44.2,24.86,0,688.74,18.2,443,1,100.0
12,39.06,16.35,1,1086.89,1.85,80,0,93.92
16,23.85,17.32,0,572.53,2.21,443,0,92.31
23,28.94,19.82,0,893.66,1.17,443,0,94.01
11,31.37,7.14,0,843.59,19.49,443,0,80.24
7,31.62,14.97,0,728.52,1.15,80,1,85.49
6,44.97,10.18,0,928.91,1.49,443,0,91.33
16,39.66,38.46,0,1126.45,2.82,443,0,86.97
6,61.16,31.18,0,740.81,8.5,443,0,84.23
12,63.1,32.86,1,751.36,21.22,443,1,87.18
15,31.19,30.89,0,924.41,5.42,22,0,90.44
14,27.55,26.67,0,983.65,7.9,443,0,100.0
15,48.55,39.61,0,774.46,1.82,80,0,86.75
14,21.89,18.89,0,738.93,3.09,443,1,83.23
19,17.98,26.07,0,356.47,1.44,443,0,88.47
10,24.02,32.47,0,644.4,5.27,8080,0,100.0
11,23.3,11.79,0,572.14,8.92,443,0,100.0
10,39.18,55.97,0,936.92,3.34,80,0,100.0
17,6.61,25.29,0,751.22,18.71,443,0,90.61
17,13.83,26.42,0,743.4,39.76,443,0,96.42
15,35.15,37.57,0,798.19,1.28,443,0,79.5
18,39.34,34.15,0,625.96,0.18,22,0,86.47
9,39.62,25.38,0,1110.65,15.6,80,0,78.85
20,18.19,26.3,0,1059.64,2.12,443,1,94.73
20,15.33,9.96,0,1123.62,4.36,443,0,90.38
16,22.4,19.44,0,936.68,5.01,443,0,92.26
21,33.6,30.17,0,794.1,24.84,443,0,81.54
7,52.28,29.44,0,1122.95,10.75,443,0,98.51
11,0.71,37.21,0,663.81,0.41,443,0,65.93
11,26.69,23.79,0,625.76,0.15,80,0,87.48
16,10.01,11.13,0,679.7,2.23,80,0,88.93
9,5.22,35.57,0,904.57,3.83,80,0,69.78
17,44.5,39.36,0,647.58,6.63,22,0,93.84
19,38.17,33.98,0,768.93,18.19,443,0,88.27
16,36.74,23.36,0,479.63,3.78,80,0,95.61
15,43.82,35.44,0,896.22,4.72,443,0,100.0
10,22.8,59.29,1,496.58,3.99,8080,1,93.25
10,23.51,26.15,0,613.57,0.09,443,0,99.73
18,62.79,11.88,0,1043.43,31.06,443,0,100.0
17,26.3,19.14,0,1036.06,1.5,80,0,94.92
13,41.03,31.25,1,874.86,3.39,22,0,81.34
12,30.1,8.95,0,855.13,1.38,80,0,73.6
5,2.28,26.69,0,693.81,6.74,80,0,93.74
9,0.67,28.8,0,645.42,26.91,443,0,86.0
21,21.32,40.35,0,727.55,1.06,80,0,100.0
8,45.84,38.1,0,497.27,5.81,80,0,85.25
14,41.82,33.65,0,850.49,0.23,80,0,89.86
18,43.71,3.37,0,809.77,14.74,443,0,78.41
8,15.19,34.21,0,613.32,10.25,443,0,86.56
14,54.24,32.06,0,1113.74,12.03,443,0,80.57
17,15.53,27.56,0,921.38,6.39,443,0,81.48
14,33.19,7.7,0,938.37,23.82,8080,0,89.47
23,29.84,17.23,0,702.53,5.27,443,0,83.93
7,27.39,13.33,0,799.73,7.22,443,0,100.0
18,50.08,4.85,0,925.47,11.88,8080,0,98.36
13,19.42,24.97,0,830.56,7.35,443,0,100.0
17,9.76,17.02,0,1120.38,2.1,443,0,88.89
15,30.3,51.25,0,759.24,3.81,443,0,91.06
11,24.0,23.31,1,699.09,0.97,443,0,85.7
14,80.66,37.94,0,926.85,5.67,443,1,100.0
6,40.15,9.31,0,547.07,9.4,80,1,88.91
16,23.86,19.7,0,984.86,1.26,443,0,83.96
15,14.16,25.97,0,539.86,9.96,443,0,82.46
16,1.8,15.92,1,927.72,22.34,443,0,93.35
18,14.62,20.78,0,670.35,4.12,443,0,100.0
15,31.72,22.82,0,895.32,2.51,443,0,100.0
14,51.41,22.66,0,981.47,22.35,443,0,82.44
10,46.83,43.55,0,830.68,11.77,80,0,82.19
11,33.44,28.78,0,560.08,1.11,443,0,100.0
18,25.15,29.8,0,620.64,5.24,443,0,100.0
19,34.03,30.4,0,654.27,11.21,443,0,88.55
13,22.22,31.13,1,421.0,8.54,443,0,100.0
14,55.78,24.17,0,1025.5,9.64,443,0,75.34
10,27.16,21.79,0,822.02,8.37,443,0,81.56
18,28.7,26.67,0,572.9,16.0,22,0,79.9
16,3.24,36.57,0,1091.13,3.86,443,1,94.12
21,27.07,36.26,0,659.73,12.33,443,0,88.21
10,42.55,22.6,0,850.11,47.19,80,0,92.38
12,13.98,32.68,0,634.95,4.94,443,0,100.0
14,18.74,23.05,0,396.35,15.66,443,0,83.47
16,41.89,25.34,0,527.11,2.83,443,0,90.94
13,7.85,20.26,0,710.3,3.31,22,0,76.62
10,45.87,23.18,0,979.66,27.31,22,0,100.0
17,22.02,38.41,0,869.31,0.26,443,0,100.0
16,24.17,25.92,0,828.04,2.45,443,0,93.62
10,13.14,26.35,0,397.99,6.6,443,0,91.2
19,35.67,10.53,0,1054.02,5.14,443,1,84.91
18,66.9,21.91,0,844.74,9.92,443,0,76.04
14,41.72,22.59,0,776.12,2.14,443,0,93.06
14,17.04,16.71,0,1026.48,0.73,80,0,97.56
16,47.03,25.22,0,1049.5,4.61,443,0,100.0
10,25.25,20.71,1,1030.92,7.43,443,0,86.06
14,50.62,25.8,0,750.58,8.26,80,0,92.7
5,42.1,26.22,0,599.3,9.2,80,0,100.0
17,14.15,15.44,1,997.78,7.96,443,0,100.0
7,14.94,21.01,1,526.99,2.82,22,0,83.78
20,44.17,25.77,0,1189.45,14.46,443,0,87.21
12,32.27,36.84,0,805.6,0.92,443,0,84.75
13,14.64,27.57,3,587.82,2.21,443,0,80.98
11,20.5,18.38,0,553.63,13.45,443,0,100.0
12,1.41,28.99,0,544.48,3.28,443,0,90.63
19,28.67,42.08,0,828.07,6.8,443,0,89.26
4,63.16,34.17,0,798.72,3.96,443,0,92.48
19,42.07,30.48,0,552.82,7.07,443,0,90.54
15,62.86,32.26,0,728.71,4.26,443,0,87.79
9,43.24,39.4,0,526.41,51.51,443,0,82.38
9,45.41,35.76,0,917.86,4.42,443,0,100.0
20,59.61,30.67,0,789.08,9.86,443,0,84.3
10,35.66,35.69,0,724.32,21.92,443,0,80.69
9,27.19,14.18,0,542.38,10.16,8080,0,89.19
18,45.49,9.98,0,739.97,8.34,80,1,100.0
15,51.81,26.57,0,717.05,8.42,443,0,81.78
10,22.8,25.69,0,863.55,6.86,443,0,97.1
14,19.18,19.56,0,833.4,16.48,443,0,87.54
9,32.08,33.26,0,958.41,0.52,443,0,92.45
18,42.47,6.37,0,703.08,21.64,443,1,99.22
18,41.97,19.65,0,427.92,8.83,443,1,72.8
16,8.64,20.15,0,998.22,18.9,443,1,81.04
15,58.67,8.64,0,612.79,0.1,443,0,99.08
21,20.38,39.95,0,578.62,20.35,443,0,90.97
13,26.02,11.41,0,791.38,1.28,443,0,92.12
9,16.46,19.12,0,860.45,12.77,22,0,97.11
15,70.47,34.08,0,693.83,5.39,443,0,81.1
22,33.63,31.46,0,692.26,11.43,443,0,100.0
9,17.24,13.92,0,721.79,9.89,443,0,98.2
12,42.96,31.82,0,1083.31,1.78,443,0,92.38
15,41.54,27.9,0,799.46,7.23,443,0,94.68
13,27.18,48.33,0,606.41,3.25,443,1,100.0
10,42.61,29.04,0,608.44,8.22,443,0,84.06
18,17.62,23.59,2,749.82,13.39,80,0,96.61
23,22.61,16.43,0,847.57,0.85,443,0,100.0
14,0.15,17.56,0,896.8,7.25,443,0,96.41
10,10.14,16.74,0,824.83,9.61,8080,0,87.78
7,57.11,38.71,0,631.63,3.5,443,0,100.0
15,54.62,25.18,0,715.21,30.58,443,0,92.31
18,30.99,30.65,2,946.78,7.35,443,0,100.0
15,54.94,40.14,0,570.78,2.02,443,0,85.78
13,27.6,1.42,0,706.85,1.14,443,0,100.0
11,26.35,37.79,0,919.49,7.8,443,0,84.54
9,30.85,25.55,0,975.06,4.7,443,0,93.23
17,28.13,29.35,0,761.42,2.14,443,0,83.93
17,26.77,16.72,0,717.76,0.31,443,0,100.0
7,47.15,17.45,2,535.58,8.36,80,0,87.79
20,32.25,29.89,0,905.13,9.13,80,0,78.92
16,40.69,48.85,0,1063.76,1.53,443,0,90.95
19,45.47,35.03,0,1313.03,9.21,8080,0,95.37
8,35.82,37.66,0,877.29,30.36,443,0,89.73
8,15.45,23.08,0,789.82,38.3,80,0,81.87
13,9.71,19.0,0,616.04,21.94,443,0,100.0
16,32.23,17.19,0,424.23,16.45,80,0,100.0
21,27.43,20.12,1,835.39,2.35,22,0,73.52
16,31.31,4.47,0,1270.07,1.7,443,0,81.23
13,29.76,17.75,0,1054.16,5.89,443,0,88.41
9,68.75,19.4,0,1023.31,9.67,80,0,84.69
18,10.05,23.25,0,849.12,19.02,443,0,95.26
10,0.15,26.32,2,871.9,2.64,443,0,100.0
20,34.99,28.62,1,315.25,6.53,443,0,86.19
12,24.35,24.85,0,952.5,10.43,443,0,100.0
20,34.74,19.19,0,684.13,5.9,443,0,75.32
16,38.76,5.37,1,659.65,6.05,443,0,94.56
13,49.26,19.25,0,735.35,2.55,443,0,84.05
11,7.39,15.28,0,728.6,43.17,22,0,94.77
12,21.65,29.66,0,656.47,6.45,443,0,72.43
15,36.43,34.09,0,802.77,7.61,443,0,77.15
14,41.56,34.39,0,688.34,2.47,443,0,94.75
11,62.9,32.57,0,820.06,7.22,80,0,83.7
13,44.34,23.66,0,502.56,2.95,443,0,86.77
14,29.15,19.78,0,757.19,2.26,80,0,100.0
5,16.64,17.53,0,580.74,3.23,443,0,91.38
15,21.54,9.93,0,671.71,0.03,443,0,99.02
10,21.11,34.92,0,828.68,8.44,443,0,82.41
9,39.83,23.25,0,479.2,4.9,443,0,76.59
7,33.85,12.54,1,635.52,22.9,80,0,89.19
6,10.15,16.74,0,913.79,0.42,443,0,75.1
8,23.46,16.33,1,517.36,0.44,443,0,83.01
11,43.16,25.43,0,1155.57,21.7,80,0,92.38
21,35.27,35.67,0,1040.88,1.35,443,0,88.89
11,38.53,21.52,0,701.09,0.02,443,0,93.35
14,35.74,2.47,0,642.56,1.97,22,1,96.0
15,54.4,23.11,2,840.39,17.37,443,0,78.04
14,33.54,23.44,0,510.51,16.23,80,0,80.58
13,24.21,22.75,0,399.57,4.16,80,0,68.21
9,16.26,18.73,0,708.13,11.03,443,0,86.29
19,33.74,27.17,1,773.19,7.08,443,1,97.37
21,6.61,25.66,0,818.89,23.51,443,0,100.0
7,27.24,24.75,0,677.05,0.58,443,0,91.9
9,26.91,29.13,0,1054.79,16.78,80,0,100.0
12,9.53,20.7,0,500.97,1.87,443,0,93.84
10,16.08,20.13,0,572.35,4.97,443,0,91.07
16,42.14,38.8,0,897.33,2.13,443,0,83.89
11,33.46,30.59,0,567.67,12.13,443,0,66.15
22,31.53,33.27,0,559.94,11.34,443,0,100.0
18,34.6,37.26,1,824.67,7.94,80,0,89.47
14,31.39,30.26,0,589.3,11.98,443,0,100.0
18,48.64,34.28,0,773.38,10.2,80,0,80.5
18,31.85,9.21,0,660.03,14.98,443,0,100.0
11,8.13,27.04,0,627.67,2.74,443,0,87.51
10,54.45,23.17,0,379.54,5.6,443,0,83.08
14,35.56,41.78,0,827.91,1.64,8080,0,87.85
17,21.16,34.28,0,550.56,5.61,443,0,91.7
14,11.2,18.7,0,766.35,12.1,8080,1,89.3
7,35.94,28.73,0,697.58,11.76,80,0,84.85
10,28.24,26.68,0,758.7,12.36,80,0,71.97
13,53.61,29.54,0,770.06,3.69,443,0,81.96
13,24.81,14.81,1,838.73,10.85,443,0,100.0
21,17.44,28.6,0,654.45,4.58,443,0,81.2
8,43.44,22.72,0,1048.54,28.91,443,0,72.83
16,43.88,27.82,0,430.52,4.21,22,0,79.45
19,32.53,17.76,0,754.68,9.24,80,0,89.11
23,40.15,19.15,1,967.25,13.87,80,0,82.41
12,29.43,36.74,0,895.35,23.69,443,0,87.2
15,33.51,14.48,0,605.03,5.76,443,0,82.02
16,47.47,15.22,0,638.35,4.47,443,0,100.0
14,39.38,24.48,0,598.64,5.62,443,0,94.91
13,27.46,17.28,0,919.85,3.91,80,0,100.0
15,50.29,16.15,0,652.02,10.61,80,0,86.18
3,5.47,26.05,0,851.02,26.99,443,0,87.15
16,60.78,9.95,0,852.86,1.35,443,0,100.0
14,4.41,14.92,0,1273.68,8.23,443,0,93.91
13,20.59,45.54,2,862.65,22.79,443,0,80.58
22,29.39,29.59,0,637.77,1.05,443,0,95.56
11,27.8,17.53,0,507.97,6.81,443,0,93.97
12,45.1,29.18,0,744.83,20.04,443,1,72.06
21,14.13,30.67,0,776.18,23.07,80,1,83.49
10,33.91,34.94,0,357.86,7.22,443,0,91.9
11,21.33,23.73,0,657.23,0.25,80,0,100.0
13,34.43,34.76,0,859.47,1.12,443,0,96.98
17,29.03,4.62,0,693.53,8.84,22,0,84.36
14,31.39,14.44,0,993.72,1.32,8080,1,82.92
8,21.75,26.64,0,488.33,1.62,443,0,97.98
11,22.35,28.3,0,935.38,14.79,443,0,65.74
11,34.31,15.88,0,982.78,13.89,443,1,81.92
13,44.16,27.59,0,991.3,18.5,443,0,100.0
15,21.03,18.76,0,486.83,1.12,443,0,92.97
15,16.97,22.23,0,862.91,2.21,443,0,82.41
6,39.2,35.25,1,666.25,17.9,80,0,77.98
18,29.51,34.09,0,518.77,12.77,443,0,98.4
15,42.46,15.03,3,717.23,16.4,443,1,90.78
19,16.41,14.43,0,619.0,45.8,443,1,87.81
15,3.31,20.89,0,984.15,19.98,22,0,93.74
18,22.0,24.73,0,902.61,7.35,443,0,91.65
15,18.5,18.42,0,569.51,3.72,443,0,90.88
19,28.82,35.41,1,655.16,8.43,22,0,76.76
16,20.45,28.47,0,723.86,10.18,443,0,79.74
13,41.12,29.06,0,785.52,4.08,443,0,97.48
23,25.68,12.33,0,1001.28,14.74,443,1,95.59
17,32.26,36.67,0,938.16,0.97,443,1,93.82
16,32.36,3.2,0,810.28,15.11,443,0,84.13
8,32.92,33.34,0,747.87,0.33,80,0,97.65
8,29.64,34.34,0,445.33,6.89,443,0,86.29
15,37.66,20.68,0,1058.4,19.76,443,0,100.0
14,18.07,37.73,0,710.58,0.9,443,0,82.53
11,50.99,24.37,0,1110.97,7.29,443,0,84.75
14,26.45,25.62,0,839.22,1.74,443,0,88.49
20,10.33,28.4,0,1205.06,22.52,22,0,98.47
16,32.82,56.87,0,921.26,17.86,22,0,89.65
9,17.23,38.44,1,513.6,27.17,443,1,90.38
13,39.98,32.01,0,677.12,20.79,443,0,86.08
10,63.14,15.87,3,766.17,13.34,443,0,92.68
12,18.2,26.44,0,625.24,2.04,22,0,89.29
12,34.99,16.87,0,724.59,3.6,443,0,82.16
12,3.67,33.22,0,526.61,6.87,443,0,91.27
8,36.81,26.4,0,801.14,8.89,80,0,91.51
13,16.71,13.75,0,847.48,15.24,443,0,100.0
11,20.63,25.81,0,599.18,2.57,443,0,83.89
2,13.48,16.51,1,1188.05,1.37,443,0,81.61
22,40.98,26.51,0,812.7,6.59,443,0,92.79
18,45.11,16.41,0,636.65,1.72,80,0,80.07
12,30.35,25.27,0,474.09,11.83,443,0,79.27
14,17.03,32.5,2,811.99,8.57,443,0,75.63
9,53.84,24.47,0,747.9,13.51,443,0,82.25
20,18.74,21.09,0,956.61,0.66,80,0,82.5
21,2.43,27.03,0,771.33,33.44,80,1,77.17
14,36.88,31.97,0,561.26,0.0,443,0,87.5
18,13.43,13.93,0,1134.14,3.94,443,0,66.34
14,44.83,27.61,0,887.12,11.38,443,0,94.92
8,24.28,38.18,0,749.18,0.46,443,0,84.43
12,39.06,30.74,0,832.93,0.87,443,0,85.9
14,51.02,25.58,1,894.81,0.8,443,0,95.87
12,11.87,31.4,0,514.23,8.71,8080,0,93.72
13,21.51,29.52,2,831.54,22.63,443,0,83.7
13,28.86,32.54,0,709.98,8.11,443,0,94.52
13,53.06,4.76,0,901.46,9.25,80,0,100.0
14,20.12,9.47,0,651.96,4.25,443,0,79.88
9,21.08,35.05,0,679.06,0.19,443,0,97.54
11,37.17,9.95,1,1132.57,0.22,443,0,78.87
8,21.34,29.02,0,1046.18,21.92,443,0,100.0
17,32.29,21.48,0,140.89,1.08,22,0,82.88
5,6.73,15.04,1,1031.35,84.65,443,0,82.5
18,63.21,28.5,0,785.27,1.8,443,0,100.0
19,9.78,27.01,0,658.36,11.23,22,0,97.22
12,25.17,46.1,0,598.57,29.75,443,1,83.21
3,29.51,18.75,0,610.18,4.5,443,1,91.27
12,58.69,39.4,0,664.01,13.26,443,0,82.9
13,10.13,28.52,0,574.57,4.32,8080,0,74.07
9,59.76,18.39,0,529.08,3.64,443,1,91.89
11,41.36,32.99,0,591.92,2.25,443,1,86.44
20,36.26,30.66,0,864.68,17.2,443,0,80.54
16,15.23,25.36,0,810.02,2.98,8080,0,100.0
10,38.57,27.66,0,911.17,3.33,80,0,80.88
7,19.15,19.03,0,786.73,68.78,443,0,91.44
12,49.0,16.74,0,538.66,3.96,80,0,100.0
13,15.43,32.59,0,898.89,5.5,80,0,87.44
15,28.3,22.76,0,599.06,46.11,443,1,82.66
11,21.67,24.2,0,929.32,4.61,443,0,92.98
16,15.19,27.8,0,566.82,4.56,443,1,94.56
21,41.12,27.65,0,662.5,17.59,443,0,98.77
17,38.03,10.71,1,727.72,3.74,80,0,100.0
13,48.14,37.86,0,934.88,2.66,443,0,85.43
13,3.3,26.21,0,835.2,5.5,443,0,91.96
12,45.96,22.97,1,804.0,12.06,443,0,77.31
18,67.58,29.31,0,1177.13,0.44,80,0,96.66
11,23.23,27.37,0,432.6,4.68,443,1,91.84
14,58.43,32.67,0,592.32,4.25,443,0,88.21
14,26.05,30.38,0,583.76,2.81,80,0,83.82
11,9.41,32.18,0,445.87,10.62,80,0,86.52
8,25.42,38.51,0,656.1,3.42,22,0,92.36
15,45.72,33.84,0,937.55,9.33,443,0,80.34
13,17.43,23.4,2,681.67,7.02,443,0,86.93
16,20.99,13.77,1,733.4,2.45,80,0,90.17
11,38.9,41.68,0,455.49,3.1,443,0,74.6
18,30.05,22.62,0,640.69,1.87,443,0,79.49
10,38.77,20.27,0,707.66,0.58,443,0,83.4
20,33.57,7.63,0,928.48,9.65,80,0,100.0
7,37.19,28.38,0,465.02,11.17,443,0,81.69
15,23.52,26.49,0,709.0,1.82,443,0,89.44
15,33.48,9.85,0,1017.36,9.56,443,0,79.59
10,16.09,29.53,0,710.98,40.22,443,0,82.24
15,49.33,20.02,0,376.89,0.77,22,1,75.59
19,20.49,51.9,0,1055.84,6.74,443,0,96.7
5,46.93,19.31,0,946.98,13.21,443,0,76.74
16,26.5,20.65,0,973.88,0.47,443,0,99.07
4,33.03,16.25,0,451.24,15.06,443,0,94.68
10,22.58,37.78,2,1102.49,38.88,22,0,89.25
20,14.76,21.27,0,645.34,0.93,8080,0,99.4
11,3.83,17.75,0,698.11,17.27,443,0,100.0
9,14.17,32.07,0,659.44,4.76,443,0,94.78
13,25.14,11.2,0,989.39,1.56,443,0,78.8
22,33.18,31.25,0,764.04,6.8,443,1,100.0
6,45.16,42.81,0,896.35,0.74,443,0,91.86
9,23.31,30.67,0,815.18,7.38,443,0,100.0
19,16.77,31.38,0,780.99,0.2,80,0,84.94
21,8.36,33.7,0,610.64,13.04,80,0,100.0
13,37.2,42.1,0,1162.43,6.69,443,0,90.0
9,50.75,37.1,0,507.32,6.14,80,0,100.0
22,48.99,29.4,0,882.45,2.18,80,0,87.18
20,40.65,34.04,0,875.33,4.48,443,0,100.0
16,39.58,16.14,0,1030.87,2.01,22,0,94.4
10,55.46,32.76,0,1077.62,13.29,80,0,98.47
13,34.98,14.94,0,772.52,2.22,443,0,100.0
13,39.69,21.33,0,906.08,9.59,22,0,82.12
15,25.19,5.83,0,1152.97,3.28,443,0,99.69
19,9.57,29.01,0,786.96,10.7,443,0,87.07
17,19.74,18.56,1,586.71,7.78,443,0,91.51
9,29.86,36.11,0,723.11,5.51,80,0,90.83
19,30.91,28.9,0,539.07,11.18,443,0,95.72
15,58.89,36.24,0,874.36,5.37,443,0,95.3
16,31.22,14.16,0,1012.89,17.22,443,0,84.25
19,47.68,35.38,0,775.79,13.08,443,0,91.25
9,23.47,46.06,1,475.81,7.78,443,0,66.66
13,25.32,32.64,0,1004.33,20.96,443,0,99.9
11,10.06,32.9,0,444.74,17.65,443,0,100.0
7,18.87,26.7,0,490.81,7.59,80,1,91.91
15,37.9,19.75,0,764.33,0.71,443,0,73.94
23,30.11,32.61,0,850.36,8.35,80,0,97.43
6,44.14,9.94,0,884.45,4.39,443,1,82.36
13,32.72,20.82,0,786.77,7.77,443,0,91.82
16,24.71,7.29,1,1152.01,10.42,80,0,96.86
14,62.22,17.96,0,813.03,10.35,443,0,95.46
13,28.59,31.42,0,1006.93,11.19,80,0,100.0
8,47.45,30.05,0,957.39,11.37,443,0,91.46
14,23.98,25.51,0,541.43,1.16,443,0,91.73
10,40.64,26.7,0,766.05,2.13,443,1,97.37
5,43.92,6.14,0,1224.66,9.96,443,0,89.29
18,33.13,21.27,0,699.13,5.25,443,0,83.12
17,5.32,18.19,0,665.08,14.39,443,0,94.52
14,30.27,18.41,0,834.12,1.33,443,0,78.71
14,48.46,31.0,0,706.3,2.13,443,0,89.19
18,37.91,16.39,0,641.26,8.17,443,0,76.22
14,36.69,18.95,0,703.34,6.95,443,0,84.45
17,4.17,4.13,0,1086.4,3.1,443,0,84.87
12,19.19,22.06,0,772.68,5.25,443,0,80.16
19,36.17,14.12,0,534.38,0.36,80,0,100.0
15,36.16,25.79,0,497.65,0.38,443,1,100.0
14,48.22,15.49,0,1241.36,1.0,443,0,100.0
8,27.83,26.05,0,755.33,8.6,443,0,88.12
15,36.09,23.55,0,886.92,19.93,443,0,85.66
10,30.25,41.72,0,645.72,3.01,443,1,98.04
11,15.2,29.97,0,864.2,0.35,443,0,91.28
10,3.84,6.6,0,1091.87,12.33,443,0,91.24
9,36.47,12.35,0,669.55,19.33,443,0,64.56
22,32.61,25.55,0,891.72,1.49,443,0,97.57
19,20.73,15.7,2,518.85,4.87,443,0,96.24
21,5.71,4.68,0,1204.57,1.73,443,0,89.95
9,39.45,38.5,0,853.71,1.12,443,0,98.16
14,26.01,32.2,0,717.44,10.45,443,1,96.02
8,38.35,30.21,0,740.43,34.28,443,0,83.03
11,57.96,18.93,0,697.99,11.34,443,0,87.8
10,2.12,29.28,0,708.22,41.87,443,0,79.92
18,19.51,17.96,0,310.5,5.7,443,0,100.0
12,26.86,27.05,0,780.41,22.82,80,0,99.77
18,51.82,15.79,0,772.02,2.3,443,0,81.86
16,5.45,40.16,0,897.73,1.25,443,1,96.19
23,59.04,9.3,0,695.37,12.12,443,0,92.79
8,32.04,37.32,0,645.79,4.64,443,0,83.14
19,28.56,25.39,0,798.45,3.82,443,0,91.24
18,27.03,20.11,0,477.53,11.13,443,0,98.58
10,23.46,26.67,0,828.68,4.06,443,0,99.4
18,45.72,32.33,0,427.64,8.5,443,0,100.0
15,13.97,38.67,0,1024.16,3.56,443,0,90.94
13,35.18,28.13,2,936.85,15.31,443,0,87.62
10,24.24,16.09,0,614.76,3.75,22,0,95.62
11,18.57,25.56,3,932.23,7.66,80,0,88.17
22,68.79,43.17,0,822.3,0.23,8080,0,84.15
14,36.29,38.48,0,598.2,15.69,443,0,80.74
17,39.2,34.09,0,395.42,9.68,80,0,55.72
10,47.07,32.96,0,863.29,2.13,80,0,97.35
10,8.68,31.99,1,641.14,2.43,22,0,73.62
18,56.28,36.59,0,1018.99,3.04,443,0,81.2
8,7.63,20.43,0,802.81,8.59,80,1,92.92
12,18.47,11.45,0,660.08,7.95,443,0,86.78
14,23.11,25.69,0,1159.57,3.2,443,0,100.0
14,38.73,16.82,3,915.29,11.84,443,0,74.91
13,33.28,14.45,0,100.0,21.99,22,0,100.0
15,27.5,17.8,0,702.72,0.44,443,0,100.0
16,29.82,49.85,0,523.18,5.4,443,0,99.09
16,15.33,26.36,2,640.04,9.0,22,0,100.0
10,7.54,28.62,0,771.05,8.83,443,0,94.05
12,40.9,12.78,3,870.81,0.2,80,0,72.97
18,40.41,6.56,0,852.27,2.36,80,0,95.15
17,53.77,16.81,0,1015.57,0.64,443,0,75.19
8,18.15,39.38,0,927.32,8.42,443,0,84.72
15,40.39,28.34,0,914.95,10.37,443,1,89.22
6,25.74,30.99,0,840.3,1.74,8080,0,80.89
14,47.86,32.39,0,1057.36,4.05,80,1,99.46
21,45.33,19.09,0,736.74,4.0,443,0,87.86
10,33.17,38.88,0,741.94,17.14,443,0,94.09
10,24.91,18.67,0,418.89,2.16,443,0,89.91
17,44.41,39.06,0,1011.23,7.95,80,0,91.26
7,39.7,29.42,0,784.61,15.28,443,0,81.13
11,19.73,7.11,0,1386.72,17.69,443,1,78.26
16,10.08,17.52,0,718.89,10.98,80,1,88.46
11,25.67,7.15,1,817.72,3.56,443,0,80.34
13,52.73,36.63,0,909.3,17.32,443,0,100.0
16,47.2,24.75,0,579.62,13.55,80,0,76.24
15,13.32,2.72,0,871.71,12.19,443,0,100.0
15,12.48,28.76,0,806.93,0.7,443,0,93.02
12,49.12,19.63,0,739.26,0.44,443,0,90.69
15,12.97,10.16,0,1034.52,11.89,443,0,84.6
13,37.64,41.78,0,619.25,28.97,443,0,96.57
15,20.76,26.07,0,854.98,14.86,80,0,87.96
12,54.26,22.07,0,1090.93,17.81,443,0,93.0
13,18.44,21.01,0,658.68,7.87,443,0,98.42
10,47.15,9.87,2,740.62,3.63,443,0,96.69
13,32.77,11.95,1,1269.06,11.32,443,0,100.0
10,33.78,37.85,0,894.88,12.45,443,0,95.38
9,0.45,20.26,0,698.76,11.25,443,0,80.49
15,3.04,25.22,0,960.52,29.32,443,0,69.2
14,26.69,4.56,0,686.38,4.58,443,0,92.11
17,33.7,11.82,0,487.02,0.4,443,0,92.25
12,13.12,31.1,0,1074.47,23.91,80,0,100.0
15,13.67,28.78,0,579.39,1.75,443,0,88.84
16,38.42,42.53,0,1290.34,11.95,443,0,93.74
15,38.44,38.43,0,702.13,20.65,443,0,97.77
10,27.93,22.69,0,1226.65,3.71,443,0,95.13
14,41.7,29.73,0,526.27,17.74,443,0,98.44
15,12.39,21.83,0,1005.1,4.04,443,0,81.82
14,24.66,45.55,2,899.95,15.81,443,0,80.24
5,54.72,36.49,0,967.55,0.72,443,0,87.19
14,31.02,26.7,0,993.6,10.65,443,0,68.26
22,31.89,27.0,0,700.45,11.31,443,1,89.6
12,64.59,39.45,0,538.23,6.76,443,0,83.4
11,9.01,30.8,0,789.82,11.62,80,0,93.22
15,41.95,40.59,0,844.61,25.66,443,0,87.35
15,54.96,3.06,0,705.63,13.24,443,0,79.85
18,25.13,29.61,0,855.51,32.52,443,0,100.0
8,42.89,19.85,0,865.93,5.95,443,0,90.83
16,15.27,42.56,0,617.99,7.51,22,0,98.63
16,19.7,40.46,0,878.99,3.06,80,0,91.84
13,35.77,25.33,0,746.56,42.41,443,0,94.64
15,41.98,40.36,0,660.0,0.57,443,0,76.39
18,46.81,42.83,2,957.48,4.44,8080,0,100.0
17,53.54,25.74,0,644.6,3.53,80,0,98.79
9,28.99,49.72,0,708.67,4.89,443,0,89.81
17,47.9,24.69,0,814.41,24.98,443,0,92.88
13,24.87,22.85,0,1074.86,4.59,443,0,100.0
14,43.53,33.66,0,838.56,24.89,80,0,86.28
14,33.11,21.46,0,905.66,5.51,80,0,74.17
13,36.69,25.85,0,740.47,19.29,443,0,86.47
18,36.35,39.09,0,784.3,7.38,443,0,91.52
13,5.93,25.19,0,790.22,3.73,22,0,89.68
9,13.14,8.05,2,858.66,5.97,80,0,100.0
12,31.54,28.67,0,740.81,5.52,443,0,80.4
14,4.69,18.04,0,1068.0,3.01,443,0,81.67
18,42.47,33.65,0,725.37,3.42,443,0,79.42
16,43.07,31.96,0,458.55,2.06,443,1,94.29
10,34.91,39.71,0,1348.56,4.09,443,0,74.74
23,13.18,34.08,0,734.53,9.79,443,1,97.44
15,50.7,35.9,0,1062.63,4.89,8080,0,80.67
19,60.56,18.31,0,1080.96,12.46,80,0,82.27
13,32.21,33.04,0,989.04,43.41,443,0,100.0
16,37.66,44.68,0,760.39,4.73,80,0,100.0
17,33.03,18.11,0,857.34,6.21,443,1,91.19
18,37.96,43.0,0,545.1,1.79,443,0,76.89
18,28.21,19.51,0,1198.03,4.98,80,0,100.0
17,29.48,16.48,0,629.64,12.98,443,1,88.04
12,43.59,27.96,1,749.22,2.45,80,1,92.48
11,65.18,32.16,0,819.8,2.01,443,0,99.12
15,9.0,34.12,0,778.51,4.72,443,0,70.37
17,28.44,15.38,0,668.63,17.07,443,0,83.6
13,12.29,29.35,0,1078.87,9.77,443,0,89.32
18,53.88,18.14,0,990.06,31.6,443,1,91.31
19,21.18,10.11,3,864.41,23.49,22,0,76.96
10,8.35,15.71,0,720.09,1.64,443,0,93.26
10,39.57,17.49,0,1012.86,0.43,443,0,90.34
13,56.16,30.22,0,707.11,5.09,443,0,100.0
15,39.95,36.52,0,1114.08,7.38,80,0,100.0
11,33.07,10.27,0,822.24,7.25,443,0,87.31
19,36.14,28.52,1,1045.96,1.44,443,0,88.04
15,51.22,13.23,0,777.24,1.33,80,0,100.0
14,16.89,31.29,1,814.31,0.48,22,0,92.84
8,28.32,18.77,0,1045.08,19.03,80,0,76.29
8,23.21,14.49,0,1238.79,29.52,443,0,100.0
15,12.48,33.0,0,1112.07,1.23,443,0,80.1
5,25.07,19.13,3,975.43,2.4,80,0,100.0
18,46.62,21.84,0,917.86,0.94,22,0,94.28
13,38.5,2.8,0,698.61,21.0,8080,0,83.65
23,39.66,34.47,0,859.05,31.87,443,0,66.33
23,32.2,33.21,0,617.39,3.04,80,0,97.77
13,37.85,25.05,0,875.16,3.62,443,0,74.5
13,17.99,9.72,0,888.01,4.5,443,0,93.57
17,25.36,37.09,0,407.83,6.98,443,0,100.0
20,32.88,18.34,0,807.75,11.47,8080,0,78.62
7,34.16,20.47,1,882.97,7.02,443,0,97.38
6,34.8,48.12,1,783.26,30.16,443,0,81.88
11,27.92,17.96,0,871.61,1.05,22,0,100.0
16,24.34,32.42,0,531.66,16.02,443,0,90.66
15,77.37,30.62,0,644.83,4.07,443,0,89.81
18,43.6,28.9,0,1006.99,4.74,80,0,100.0
9,36.2,27.82,0,800.11,12.34,80,0,96.25
4,26.5,28.76,0,867.98,26.5,443,0,81.95
17,23.23,27.72,0,690.7,12.59,22,1,100.0
10,28.04,24.48,0,803.9,14.95,443,0,74.64
5,34.39,40.11,0,339.6,13.89,22,0,92.76
14,1.79,11.87,0,969.2,3.87,80,0,81.77
17,6.46,35.21,0,1161.59,14.14,443,0,75.13
13,20.45,33.22,0,587.0,15.35,80,0,78.66
12,33.11,31.98,0,611.93,7.62,443,0,89.51
13,26.41,36.17,0,888.18,7.7,443,0,93.5
12,52.17,24.07,0,1094.78,14.26,22,0,100.0
8,7.76,6.31,0,799.58,16.98,443,0,100.0
11,18.73,24.28,0,554.14,4.11,443,0,92.78
16,52.8,15.09,0,758.28,16.17,443,0,85.57
15,31.97,17.68,0,594.01,16.83,443,0,100.0
14,43.27,12.58,0,666.23,2.67,80,0,83.85
10,60.77,20.23,0,739.19,12.62,22,0,74.04
13,19.59,19.03,0,614.14,2.06,443,0,99.39
5,28.51,1.22,0,644.42,0.98,443,0,100.0
14,25.91,32.0,0,814.91,8.55,443,0,81.78
19,0.68,47.2,0,843.01,23.93,443,0,100.0
8,25.34,31.06,0,515.2,0.36,443,0,95.83
11,43.22,22.97,0,879.28,17.52,443,0,94.34
15,38.11,24.45,0,723.61,7.06,443,0,84.83
19,39.29,20.79,0,944.05,19.73,443,0,100.0
12,24.37,25.9,0,956.1,18.55,22,0,74.76
11,20.16,24.63,0,691.09,20.82,80,0,86.6
6,49.04,16.59,0,922.83,14.65,80,0,82.67
14,22.54,41.83,0,632.61,18.51,443,0,76.91
22,34.41,10.13,0,1064.75,1.94,80,1,98.63
15,32.45,32.18,0,640.17,3.62,22,0,93.41
13,51.93,23.99,0,870.55,2.78,22,1,98.05
15,44.57,44.01,0,762.48,13.56,443,0,87.22
13,10.57,28.41,1,596.62,1.67,443,1,99.85
10,12.19,21.4,0,980.18,2.01,443,0,90.77
17,38.68,22.52,0,677.17,21.12,443,0,85.28
14,29.03,25.4,2,459.99,12.24,8080,0,83.61
14,23.17,13.57,0,223.6,20.82,443,1,70.17
10,45.23,17.33,0,624.99,1.5,443,0,100.0
19,32.81,7.15,2,1075.18,5.09,443,0,100.0
16,30.79,15.77,0,1051.55,3.33,443,0,100.0
11,41.7,25.94,0,656.28,0.1,22,0,86.65
18,24.37,28.0,0,725.11,3.35,443,0,83.33
12,53.53,5.21,1,707.02,4.77,443,0,72.99
10,18.18,23.63,0,533.31,0.97,443,0,99.6
10,39.85,30.63,0,610.23,8.36,443,0,97.3
6,51.51,23.37,1,996.23,4.83,80,0,100.0
15,9.34,18.66,0,900.78,0.48,80,0,80.83
6,24.85,20.88,0,854.62,12.17,443,0,97.16
9,47.13,19.59,0,532.97,13.07,8080,0,84.78
5,47.36,18.63,0,820.14,17.99,443,0,100.0
13,27.43,26.74,0,339.23,6.65,443,0,95.36
13,18.98,48.08,0,968.56,34.63,22,0,74.44
12,44.34,17.56,0,851.71,24.54,443,1,88.69
9,47.75,21.82,1,530.95,8.02,443,0,70.52
9,12.53,24.48,0,1123.29,5.89,443,0,78.37
15,11.94,18.13,0,440.77,0.03,80,0,78.97
11,33.38,35.98,1,906.06,12.41,8080,0,83.59
15,39.44,1.29,0,911.03,8.32,443,0,87.37
10,25.51,19.69,0,552.07,27.73,443,0,91.65
14,40.19,33.18,0,792.43,9.02,443,0,91.15
19,19.35,22.06,0,472.63,49.41,80,0,89.76
16,1.72,16.79,0,230.73,19.23,443,0,93.32
12,23.64,29.41,0,586.42,30.7,80,0,77.5
15,30.95,34.06,0,676.68,3.97,80,0,90.73
13,25.86,27.11,0,928.85,1.62,443,0,100.0
14,12.62,16.99,0,813.48,15.94,443,0,88.34
12,2.77,29.56,0,818.71,15.43,443,0,94.95
13,22.29,20.98,0,597.12,2.38,443,0,94.02
14,43.46,32.45,1,694.0,14.47,443,0,98.62
10,48.84,39.83,0,614.01,8.72,443,0,92.87
9,47.82,1.06,1,555.01,1.16,443,0,98.45
8,17.76,26.11,0,681.26,6.97,443,0,95.07
7,12.69,7.64,0,814.9,26.76,80,0,96.57
9,37.45,49.42,0,685.47,7.06,80,0,94.42
14,39.53,20.32,0,735.3,15.54,8080,0,79.93
10,36.0,32.46,0,938.98,0.29,443,1,78.29
16,0.21,24.65,1,699.85,13.02,443,0,86.47
14,17.0,16.97,0,533.21,29.34,443,0,100.0
6,29.55,15.78,0,912.69,6.92,443,0,88.28
16,37.31,40.86,0,853.17,4.12,443,0,93.1
17,41.51,34.56,0,865.73,10.4,443,0,70.33
10,32.16,44.44,0,925.17,24.8,443,0,91.94
15,34.96,25.55,0,891.33,1.95,443,0,90.86
10,31.27,27.88,0,805.75,5.17,443,0,63.27
14,40.28,22.33,0,1278.29,1.7,443,0,92.91
8,34.69,22.13,1,543.01,6.86,443,0,73.49
6,30.99,14.58,0,682.72,7.77,80,0,82.75
12,25.97,25.84,0,993.47,28.86,443,0,99.94
13,31.22,17.11,0,828.52,5.32,443,0,91.57
12,37.27,29.42,0,951.58,8.37,443,0,85.52
9,34.01,26.7,0,833.95,21.65,443,0,84.66
12,35.71,27.88,0,1074.81,3.88,80,0,85.82
15,50.14,41.75,0,598.5,11.21,443,0,91.61
13,33.98,24.62,0,1068.49,14.15,80,1,77.99
14,20.27,32.57,0,1034.2,4.01,443,1,100.0
11,43.25,45.52,0,557.94,1.8,443,0,78.52
18,9.51,38.07,0,926.13,6.99,22,0,72.73
9,13.78,36.53,0,791.39,4.41,80,0,99.91
15,35.04,21.93,0,678.68,3.1,443,0,85.63
18,37.75,27.3,0,422.28,36.28,80,1,90.7
15,11.32,11.82,1,597.84,6.97,443,0,96.55
13,24.26,29.99,0,941.62,19.41,443,0,82.81
11,20.91,27.74,0,962.77,2.17,443,1,91.37
18,22.7,25.23,0,757.86,28.04,8080,0,96.48
8,44.15,35.27,0,963.4,15.82,443,0,100.0
10,40.6,12.92,0,989.05,16.54,80,0,84.89
12,29.71,41.35,1,830.93,4.94,443,1,85.37
18,21.81,34.02,0,655.53,6.65,443,0,95.63
15,9.76,24.29,0,888.21,9.0,80,1,92.09
10,51.3,23.51,0,897.4,15.6,443,1,88.63
12,38.88,29.81,0,934.79,18.91,443,0,100.0
11,19.4,40.21,0,973.08,0.81,443,0,73.18
11,40.79,26.02,0,527.57,23.44,80,0,75.78
17,28.95,26.44,0,698.01,27.73,443,0,73.29
8,25.69,25.18,0,420.28,8.99,443,0,100.0
20,36.53,42.82,0,949.4,2.07,443,1,95.15
17,18.88,21.31,0,757.54,17.06,22,0,76.29
18,24.84,24.7,0,886.16,7.95,443,0,88.77
12,31.82,39.63,0,504.86,16.99,80,0,89.72
13,22.51,26.47,0,1080.2,16.86,80,0,67.91
8,40.04,36.37,0,561.13,0.91,443,0,91.88
11,58.04,15.89,2,954.91,9.34,443,0,78.22
15,18.69,22.95,0,823.59,6.6,443,0,97.07
19,5.02,39.84,0,762.11,29.21,443,0,78.53
9,0.03,18.24,0,745.97,3.52,443,0,92.19
12,27.74,23.49,0,672.39,2.31,80,0,100.0
13,20.05,27.57,0,1059.04,22.74,443,0,99.75
8,33.12,15.11,0,802.52,1.61,443,0,95.07
16,31.99,20.86,0,546.16,11.6,443,1,89.19
11,5.95,26.13,0,723.21,3.57,443,0,75.0
13,2.78,25.47,0,825.67,8.39,443,0,85.61
12,34.44,37.8,0,979.56,9.58,80,0,87.74
10,32.03,40.41,0,679.08,5.4,443,1,87.02
13,23.61,16.44,0,692.44,36.87,443,1,74.66
13,5.14,26.11,0,804.69,1.41,80,0,94.34
12,37.07,31.74,0,974.68,4.97,443,0,78.19
11,49.08,40.16,0,526.25,5.63,80,0,100.0
15,34.17,32.18,0,901.07,9.97,443,0,91.48
20,17.29,27.91,0,707.19,5.23,80,0,99.79
14,30.67,31.67,0,735.11,1.02,443,0,99.59
17,9.51,31.74,0,1200.32,29.46,443,0,100.0
8,45.87,15.72,0,760.71,5.38,443,0,91.82
14,31.23,26.93,0,950.94,4.2,443,0,86.1
9,3.48,39.59,0,943.78,5.92,80,0,86.29
8,25.49,22.93,0,564.0,2.44,443,0,100.0
11,36.95,26.29,0,430.92,1.06,443,0,76.8
18,25.0,22.57,0,964.2,1.61,443,0,81.22
17,25.86,1.86,0,583.29,1.82,443,1,92.37
14,11.63,25.21,0,467.16,2.2,443,0,88.47
7,38.5,28.02,0,1005.23,5.45,443,0,99.68
13,20.27,19.88,0,596.11,9.78,443,0,76.61
15,2.35,13.45,0,645.5,9.91,443,0,89.33
14,24.43,16.19,0,1194.87,0.0,22,0,88.13
6,44.72,32.64,0,468.05,25.38,443,0,79.28
10,24.2,44.73,0,548.74,17.31,443,0,98.79
13,56.07,38.82,0,708.06,33.23,443,0,89.08
16,36.43,11.56,0,751.95,4.46,80,0,88.66
5,35.08,33.55,0,621.25,10.93,443,0,81.75
13,28.07,18.37,0,568.27,1.84,443,0,86.3
14,28.98,19.18,0,1102.0,16.98,443,0,79.78
17,26.05,20.38,3,852.6,1.76,443,0,98.64
16,25.47,32.06,0,917.03,3.95,443,0,100.0
16,37.96,34.59,0,772.55,6.75,80,1,100.0
10,15.96,24.02,0,857.89,9.03,443,0,94.34
6,13.86,24.19,0,986.58,8.2,443,0,86.61
12,13.15,29.64,3,600.74,1.08,80,0,85.31
18,60.68,30.68,0,852.97,5.48,443,0,94.91
19,37.96,36.76,0,939.21,25.63,443,0,92.01
16,34.57,12.16,0,1108.96,20.59,443,0,88.26
15,14.14,25.2,0,1189.58,8.94,8080,0,87.38
15,39.35,14.32,0,813.97,8.49,443,0,100.0
11,28.25,24.49,0,1027.73,1.18,443,0,85.68
13,33.21,22.74,0,265.97,2.23,443,0,100.0
20,15.35,24.53,0,1110.46,2.91,443,0,91.82
10,32.4,17.0,0,654.82,6.7,443,0,86.32
20,23.64,10.13,0,751.78,13.14,80,0,82.15
12,18.52,4.06,0,888.22,6.18,443,0,88.45
19,41.01,23.69,0,769.31,1.35,80,0,95.03
8,6.93,20.69,0,839.29,5.79,443,0,86.23
16,38.47,18.24,0,1117.54,1.77,22,0,98.5
11,40.27,38.23,0,723.16,13.91,8080,0,85.73
8,16.81,16.41,0,582.62,1.82,443,0,88.75
14,17.7,39.17,0,1162.69,6.59,443,0,77.13
18,26.65,41.24,1,905.35,11.82,80,0,95.59
10,34.23,5.49,1,1184.45,2.59,443,0,87.33
8,27.71,25.92,0,972.73,0.79,443,0,100.0
13,36.5,21.0,0,535.28,8.29,8080,0,97.05
13,56.44,4.12,0,929.08,0.56,443,0,90.84
16,22.38,10.55,1,603.21,8.86,443,0,100.0
17,4.27,32.75,0,801.49,14.0,80,0,94.05
13,42.39,45.19,0,784.86,3.99,443,0,100.0
21,55.25,34.03,0,476.47,6.7,443,0,81.38
14,35.89,28.24,0,637.44,26.42,443,0,94.61
12,13.68,24.79,0,1241.04,6.37,443,0,95.03
7,28.14,41.83,0,847.68,56.71,22,0,74.55
12,13.22,46.48,0,764.88,1.71,22,0,100.0
12,39.64,19.13,0,1162.58,12.34,443,0,78.4
17,9.73,5.0,2,720.75,10.57,80,0,77.01
15,25.5,4.02,1,781.72,20.58,443,0,61.51
9,14.93,38.22,0,998.16,0.97,443,0,94.74
14,31.9,24.53,0,719.85,3.29,443,1,73.57
16,24.5,26.83,0,650.7,1.42,443,0,84.83
20,32.65,7.09,0,349.25,27.04,443,0,98.38
17,30.34,17.47,0,612.7,5.56,443,0,91.92
17,15.2,22.05,0,610.79,24.09,443,0,83.76
14,39.4,27.08,0,831.71,3.49,443,0,74.09
15,29.27,21.01,0,677.91,1.35,8080,0,88.92
18,15.17,14.63,0,1231.6,3.52,8080,0,98.55
8,63.61,17.15,0,588.47,9.09,80,0,97.01
12,37.15,37.08,0,1080.13,18.66,443,0,100.0
10,27.7,27.45,0,843.95,4.87,443,0,83.47
15,51.23,31.12,0,961.35,24.63,443,0,76.83
18,57.63,16.01,0,949.2,2.8,443,0,93.1
11,27.82,4.54,0,356.35,11.83,443,0,92.11
4,35.21,19.77,1,797.69,13.31,443,0,89.95
12,15.18,16.33,0,747.55,3.2,443,0,82.54
17,27.79,28.49,0,573.4,0.27,80,1,63.47
16,27.01,57.86,0,891.93,4.55,443,1,79.93
15,32.77,31.95,0,1143.31,0.46,443,0,95.57
12,34.99,52.36,0,265.4,23.1,443,0,92.84
8,38.4,30.69,0,693.11,30.69,443,0,99.65
16,33.56,18.7,0,550.85,13.29,443,0,93.45
10,11.84,28.48,0,814.36,12.97,443,0,97.36
22,15.92,42.81,0,734.88,2.76,80,0,97.65
16,21.8,43.3,0,678.86,0.77,443,0,90.2
11,25.77,19.25,0,937.9,16.2,443,0,90.27
11,45.76,27.53,0,1127.24,8.19,443,0,60.91
13,12.56,10.71,0,1332.26,11.45,443,0,83.43
13,24.64,33.25,0,652.07,15.12,443,0,83.87
18,44.3,40.53,0,435.82,5.27,443,0,88.91
14,25.5,25.4,0,911.84,1.56,443,0,80.7
11,36.91,18.33,0,1122.1,15.85,80,0,99.38
21,27.91,28.6,0,962.74,6.05,443,1,81.18
14,33.85,29.17,0,1121.27,17.54,443,0,100.0
17,26.57,25.81,0,754.9,5.76,443,1,80.39
11,40.01,26.79,0,678.09,2.45,443,0,83.96
15,6.82,23.26,0,823.09,1.88,443,1,83.2
15,24.55,34.96,0,733.89,13.62,443,0,85.04
6,34.45,32.36,0,932.62,8.55,80,0,100.0
22,38.01,15.17,0,993.95,5.19,443,0,86.73
19,52.39,14.89,0,1009.62,6.78,443,0,86.98
12,24.13,22.46,0,902.12,7.98,443,0,82.58
9,52.19,32.37,1,849.16,2.74,80,0,87.4
15,20.11,26.48,0,958.89,4.75,443,1,92.16
14,49.93,18.57,0,407.4,3.46,443,0,87.85
15,42.26,27.62,0,842.11,4.92,443,0,88.5
14,16.3,21.69,0,810.5,6.94,443,0,100.0
16,34.61,33.8,0,842.62,1.9,443,0,92.74
19,29.23,28.33,0,782.48,5.0,443,0,78.49
16,39.38,21.85,0,886.37,4.87,443,0,89.15
9,26.65,27.32,0,685.08,3.37,80,0,84.62
19,25.39,38.15,0,1025.9,65.0,443,1,95.21
20,50.54,19.3,0,894.73,0.76,443,0,91.03
23,28.52,29.03,0,830.14,10.3,443,0,100.0
9,42.4,24.3,0,660.5,1.92,443,0,82.6
14,26.62,29.27,0,963.06,18.3,443,0,88.08
5,55.0,18.45,2,841.33,24.56,80,0,79.36
16,19.82,26.1,0,648.9,5.13,443,0,89.58
11,20.79,36.08,0,788.67,17.34,80,0,74.63
21,52.87,15.63,0,925.82,2.88,443,0,93.21
10,23.33,11.71,0,910.31,1.51,80,0,89.45
7,54.02,12.09,0,897.4,3.8,443,1,91.55
12,43.38,13.29,0,818.51,4.18,443,0,97.88
6,27.68,30.95,1,1005.16,5.06,443,0,92.25
17,2.8,10.94,0,1047.56,4.67,443,0,77.23
5,29.71,22.02,0,947.46,5.3,443,0,84.44
14,31.52,31.18,0,682.51,12.38,443,0,89.2
5,47.51,29.17,0,588.39,2.82,8080,0,86.72
12,53.83,21.14,0,691.21,0.19,80,0,87.94
20,19.73,26.91,0,1190.73,6.73,80,0,100.0
15,42.02,26.07,0,856.34,5.95,443,0,91.0
10,41.48,22.76,0,1225.29,0.62,80,0,93.82
13,46.1,22.89,0,775.96,1.44,443,0,69.91
14,37.48,47.35,0,748.24,7.13,443,0,97.46
15,0.86,33.09,0,785.19,2.68,443,0,100.0
8,27.67,49.81,0,781.57,21.0,443,0,100.0
16,12.66,20.03,0,645.27,1.9,443,0,85.6
3,26.96,24.15,0,570.23,0.2,443,0,100.0
11,44.7,11.68,0,900.27,5.93,443,1,90.27
12,34.58,16.9,0,1010.98,42.8,80,0,93.07
16,47.22,44.02,0,1289.0,10.05,22,0,87.33
14,35.13,19.78,0,713.26,4.37,443,0,87.07
8,10.53,44.19,0,729.47,0.17,443,0,67.52
10,7.81,12.57,0,645.75,6.63,80,0,97.87
14,32.23,14.47,0,1025.15,2.31,443,0,87.03
13,26.79,21.59,0,963.0,10.43,22,0,88.12
11,15.35,24.36,0,624.61,8.75,80,0,92.73
12,4.49,34.23,0,619.56,3.08,443,0,85.85
16,18.98,29.51,1,990.5,0.71,443,0,92.64
11,27.08,20.84,0,876.64,14.07,8080,0,100.0
13,39.99,23.67,1,951.68,8.81,8080,0,94.05
22,32.83,21.81,3,623.45,18.46,443,0,88.47
8,54.12,15.85,0,424.46,3.01,443,0,88.77
6,14.47,16.12,0,625.01,10.58,443,0,92.01
17,43.22,35.28,0,937.55,1.26,443,0,81.68
11,30.71,6.72,0,1222.21,3.45,22,0,92.08
12,40.42,41.17,0,714.11,10.69,80,0,96.85
10,23.45,21.57,0,1255.17,17.46,443,0,90.88
12,46.08,17.27,0,965.96,3.87,443,0,85.76
20,34.43,32.4,0,521.39,16.04,80,1,87.13
17,19.81,39.85,0,842.81,11.32,443,0,96.52
17,29.82,36.18,0,972.79,4.29,443,0,79.0
8,26.41,30.02,0,314.9,20.91,443,0,81.84
9,37.34,35.87,0,928.89,7.12,443,0,73.93
2,12.3,7.84,0,1034.54,10.45,80,0,90.34
10,29.56,19.78,0,879.77,6.84,80,0,98.62
17,35.93,15.89,0,787.66,6.03,443,0,100.0
16,30.5,37.25,0,765.41,18.84,443,0,100.0
13,50.2,21.17,0,753.74,3.49,443,0,83.1
13,41.61,33.45,0,564.8,0.37,443,0,92.5
11,29.89,30.36,0,662.5,21.18,80,0,85.98
14,33.25,16.38,0,716.68,17.43,443,0,100.0
17,34.43,19.13,0,822.7,4.57,22,0,100.0
7,36.05,37.94,0,688.64,2.05,443,0,91.68
15,2.62,17.25,0,626.17,11.26,443,0,83.81
17,25.48,26.25,0,951.95,0.82,443,0,55.52
12,7.73,17.17,0,874.12,5.51,443,0,75.66
16,49.17,21.86,0,692.15,0.9,443,0,71.48
23,29.09,24.54,0,901.26,9.11,443,0,75.54
13,27.1,17.17,0,709.37,0.28,443,0,100.0
15,43.45,15.4,0,812.61,9.92,8080,0,77.05
11,36.33,27.86,1,995.01,11.18,443,0,79.39
14,13.07,16.55,0,679.25,6.68,443,0,80.79
15,28.94,16.89,0,565.52,1.92,443,0,100.0
14,24.97,15.61,0,770.97,1.07,443,0,89.38
9,3.83,24.22,0,527.31,3.76,443,0,99.94
14,19.65,34.44,0,744.51,6.26,443,1,91.75
19,27.25,40.07,0,743.87,10.28,443,0,70.16
15,28.28,17.74,0,307.26,0.01,443,0,100.0
17,7.77,46.5,0,906.13,12.42,443,0,94.01
13,47.27,14.95,1,763.46,12.47,443,0,88.78
16,28.47,35.84,0,1036.38,5.88,80,0,100.0
15,30.56,17.78,0,843.11,4.21,80,1,86.53
10,36.01,16.29,0,947.12,18.47,80,0,88.56
15,18.18,17.55,0,1038.01,15.35,443,0,86.55
10,36.85,24.48,0,773.66,40.91,8080,0,100.0
11,24.49,30.8,0,799.84,4.65,22,0,98.14
14,16.55,31.7,1,485.29,23.73,80,0,92.79
15,38.6,15.56,0,1047.91,0.91,443,0,79.48
9,52.38,15.1,0,770.86,5.3,443,0,86.3
18,40.87,15.83,0,598.85,6.26,80,0,79.48
16,43.84,23.89,0,947.94,5.81,80,0,100.0
11,22.19,22.9,0,364.04,9.81,443,0,74.25
7,6.04,15.5,0,714.15,1.87,443,0,100.0
13,52.35,27.7,0,981.66,20.13,443,0,100.0
12,60.82,47.63,0,712.46,8.02,443,0,80.81
14,53.14,19.95,0,656.42,23.46,80,0,85.84
12,24.96,20.66,0,716.77,0.03,443,0,82.88
5,12.68,30.6,0,398.01,9.94,443,0,94.3
12,14.01,19.41,0,943.1,5.32,80,0,100.0
12,4.74,31.69,0,775.42,7.03,443,0,100.0
16,28.39,17.81,0,745.54,13.62,443,0,85.67
11,54.09,43.32,0,746.27,2.58,80,0,100.0
20,27.88,28.45,0,802.82,2.29,443,0,100.0
6,34.53,18.8,0,930.69,12.14,443,0,88.11
19,50.63,19.11,0,789.59,7.37,80,0,89.91
13,23.94,19.86,0,527.67,2.66,80,0,100.0
17,60.53,38.73,0,915.1,6.62,80,0,100.0
14,59.88,12.31,0,899.71,6.15,443,0,100.0
18,28.03,18.32,0,841.11,11.76,443,0,100.0
12,21.34,19.38,0,1015.05,0.03,80,0,95.47
9,40.46,24.84,0,806.08,8.84,443,0,93.26
19,24.79,22.29,0,1022.28,9.31,443,0,100.0
13,12.65,10.09,1,1081.44,13.68,443,1,100.0
14,49.22,21.0,0,916.46,22.0,443,0,83.89
18,48.25,24.0,0,650.41,5.8,443,0,87.98
9,32.33,18.72,0,773.84,4.19,443,1,79.81
16,11.06,31.87,0,1047.77,1.08,443,0,93.43
11,11.56,34.19,0,500.47,4.11,8080,0,98.89
13,31.61,24.22,0,721.61,0.71,443,0,80.51
14,22.5,27.31,0,731.41,16.24,443,0,100.0
7,24.88,3.39,0,626.96,16.45,443,1,85.47
10,45.33,20.79,0,974.58,5.4,443,0,84.65
19,41.0,35.05,0,875.36,3.01,22,0,100.0
17,50.67,20.77,1,657.79,1.26,80,0,83.75
13,15.14,17.63,0,921.1,19.05,80,0,75.97
14,24.85,47.78,0,768.32,21.0,80,0,97.44
12,41.38,43.19,0,621.96,3.1,22,0,88.68
19,36.72,29.68,0,657.42,9.72,443,0,100.0
13,52.99,36.39,0,887.21,2.99,443,0,98.33
14,36.31,2.74,0,987.8,2.55,443,0,72.52
18,57.72,17.12,0,702.65,0.21,443,0,100.0
10,38.1,20.3,0,908.89,8.61,443,0,100.0
20,45.93,22.64,0,1116.35,1.62,443,0,100.0
7,25.15,20.1,0,548.23,0.12,443,0,100.0
20,30.21,0.5,0,871.13,1.11,443,0,87.52
12,43.66,28.86,0,966.13,3.77,443,0,85.23
13,54.19,30.44,0,780.97,11.06,443,0,92.12
6,40.94,41.02,0,1047.66,2.26,80,0,99.2
12,28.75,17.12,0,1239.77,21.86,443,0,98.95
9,50.66,16.3,0,868.67,3.4,8080,0,85.62
11,2.88,1.8,0,753.28,4.02,80,0,84.61
13,8.67,22.06,0,995.4,2.46,443,0,75.1
17,40.22,34.01,0,968.41,2.93,443,0,96.47
14,30.21,18.88,0,296.23,0.77,443,0,86.1
15,39.08,46.43,1,799.45,3.49,80,0,86.99
9,30.97,22.43,0,721.08,19.63,443,0,100.0
10,38.56,26.47,0,879.34,11.66,443,0,95.98
21,17.78,11.37,0,761.27,20.82,443,0,93.23
11,38.56,27.87,0,782.96,1.11,443,0,98.3
20,44.92,5.21,0,627.36,6.08,22,0,100.0
13,48.31,31.94,0,946.91,2.6,443,0,73.83
14,60.2,32.24,0,1131.01,12.77,443,0,84.34
18,33.66,38.59,0,630.47,35.15,443,1,87.68
19,34.11,14.8,0,520.59,16.89,80,0,80.22
13,7.15,26.61,0,804.0,0.36,80,0,87.35
12,22.03,30.64,0,794.27,3.81,443,1,74.49
13,27.1,29.42,0,1034.19,0.29,443,0,99.22
15,45.75,16.35,0,554.16,0.41,443,0,84.82
17,20.83,1.08,0,692.41,0.83,443,0,92.01
14,41.95,28.47,0,370.46,3.23,22,0,90.51
16,29.98,23.48,0,1075.0,3.63,443,0,95.57
20,27.34,19.33,0,850.11,5.12,443,0,65.39
15,33.73,32.64,0,707.31,5.19,443,0,94.5
15,24.13,24.55,0,535.55,14.76,443,0,87.25
7,23.56,11.81,2,553.9,1.52,443,0,94.07
3,4.43,5.69,0,882.85,1.72,443,1,78.21
15,26.28,13.71,0,578.51,9.85,443,0,94.14
13,22.8,48.93,0,820.8,8.48,80,0,100.0
11,22.26,32.23,0,1208.59,1.67,443,1,91.9
14,36.25,26.89,0,730.48,19.12,443,0,82.83
13,39.88,23.18,0,607.71,3.99,443,0,83.26
18,33.48,22.53,0,876.4,4.57,443,0,95.76
14,44.93,36.67,0,554.84,5.46,443,0,95.7
11,38.63,20.09,0,1144.0,3.9,443,0,93.57
17,25.57,30.77,0,1080.72,8.15,443,0,89.62
13,23.06,21.52,0,767.17,4.92,443,1,92.03
16,34.69,44.4,0,620.54,3.0,443,0,89.35
12,38.61,32.42,0,714.85,23.48,443,0,86.19
11,50.97,37.46,2,740.87,3.69,80,0,97.57
14,47.87,19.16,0,876.71,11.99,443,0,93.1
14,21.88,35.58,0,1007.93,4.27,443,0,100.0
15,28.47,21.87,0,592.7,5.71,443,0,100.0
12,40.07,26.1,0,1002.18,2.69,443,0,92.77
6,46.02,41.35,0,923.54,13.96,80,0,95.95
12,44.08,14.57,0,698.44,13.36,443,0,80.43
17,29.04,27.03,0,582.66,0.22,443,0,89.22
12,11.19,29.38,0,823.25,0.62,443,0,93.43
13,15.02,30.2,0,588.08,25.56,443,0,74.17
17,34.09,20.49,0,1004.74,21.97,443,0,94.29
11,35.13,45.86,0,575.22,7.05,443,0,80.41
7,13.52,12.05,1,909.54,6.8,443,0,81.5
13,30.67,39.59,0,783.88,16.74,443,0,84.71
12,39.47,37.15,0,687.88,1.49,8080,0,89.69
10,12.73,44.01,0,779.43,10.6,443,0,76.72
13,46.57,9.12,0,1016.0,6.46,443,0,98.57
15,24.34,16.31,1,561.55,13.6,443,0,91.77
13,48.86,39.92,0,717.57,0.31,80,0,100.0
15,22.0,6.23,0,649.65,8.98,443,0,93.0
21,14.6,8.94,0,792.28,8.14,80,0,95.71
12,23.13,20.12,0,663.06,18.38,443,0,81.46
15,28.57,26.92,0,446.38,11.3,443,0,78.18
11,24.17,40.92,0,588.97,21.22,80,0,96.19
10,26.76,23.15,0,1127.55,21.83,80,0,79.07
11,35.01,18.92,0,849.35,5.25,443,0,96.42
12,27.43,28.11,0,842.47,1.48,443,1,100.0
15,29.01,29.7,0,743.48,9.95,443,0,99.46
23,4.36,29.41,0,789.67,20.69,443,0,95.7
11,35.88,23.22,0,714.04,0.78,22,0,92.69
12,28.66,5.45,0,905.39,8.16,443,0,86.16
13,54.15,15.82,0,820.16,1.22,443,0,88.85
15,15.91,39.2,0,565.75,0.27,443,0,84.35
15,2.88,26.87,0,850.74,11.38,443,0,76.85
19,39.27,21.77,0,308.25,11.45,443,0,90.35
4,35.2,36.18,0,882.77,9.18,443,0,100.0
4,14.87,13.7,0,518.13,19.61,443,0,77.11
12,7.05,22.75,0,780.79,0.84,80,0,100.0
18,53.06,26.38,0,561.07,1.11,443,0,100.0
7,51.21,20.59,0,800.56,19.99,443,0,93.97
1,7.31,26.01,0,915.66,7.0,443,0,94.05
16,23.13,23.12,0,1100.57,3.19,443,0,88.14
14,54.96,11.01,0,491.73,13.4,443,0,90.42
9,22.86,26.81,0,995.09,22.48,8080,1,85.36
10,22.64,11.72,0,826.23,11.7,80,0,90.32
10,25.76,26.66,0,709.87,15.7,80,0,91.4
14,13.19,38.74,0,951.97,3.32,443,0,100.0
11,4.43,22.19,0,752.82,3.41,80,0,95.66
15,45.79,13.29,0,943.51,19.96,443,0,87.91
2,2.36,23.73,0,601.55,9.54,443,0,89.01
10,33.71,16.68,0,673.4,2.67,443,0,82.87
9,43.3,30.95,0,988.72,7.43,443,0,84.52
12,8.23,23.52,0,1097.08,11.58,443,0,99.11
11,16.14,42.1,0,792.99,2.47,443,1,85.06
17,48.2,36.63,1,242.54,10.64,443,0,83.82
6,37.99,23.47,0,760.19,0.43,443,0,84.07
14,20.74,32.16,0,806.49,3.62,443,0,82.71
16,48.03,21.07,0,753.45,11.21,8080,0,100.0
21,48.1,25.34,0,867.27,1.62,80,0,91.43
12,34.04,21.39,1,704.62,2.51,443,0,87.18
15,16.5,32.66,0,967.77,21.13,443,0,90.29
6,23.8,39.33,0,566.66,11.22,443,0,92.17
4,34.3,32.99,0,1047.37,6.91,443,0,82.53
17,27.17,34.22,0,1110.02,2.37,8080,0,76.1
13,44.08,34.23,0,617.39,4.18,443,0,100.0
18,7.05,30.51,0,617.28,8.54,80,0,99.88
8,7.59,13.61,0,882.14,1.69,80,1,93.78
16,32.71,42.01,0,562.56,6.57,443,0,99.19
21,22.63,43.04,0,701.48,5.26,22,0,100.0
15,20.59,22.66,0,1020.51,6.48,443,0,84.65
15,3.48,21.29,0,947.52,1.12,443,0,78.8
14,30.29,31.12,0,1196.04,1.13,80,0,96.62
7,29.21,30.51,0,834.16,33.27,443,0,75.33
19,39.8,22.98,0,677.83,38.81,443,0,90.38
11,31.03,12.5,0,810.25,5.55,443,0,87.02
16,28.01,28.06,0,769.88,15.56,80,0,96.74
7,47.66,30.51,0,772.69,10.67,443,0,85.18
9,10.31,32.26,1,795.24,1.24,22,0,100.0
19,38.05,28.49,0,613.65,3.52,443,1,82.53
12,4.93,22.29,0,856.44,3.76,443,0,97.06
19,17.42,34.94,0,518.27,9.06,443,1,83.34
13,11.81,25.66,0,656.63,8.67,443,1,95.48
6,41.73,20.35,0,776.22,25.71,443,1,79.85
17,29.02,23.19,0,348.09,15.61,80,0,89.76
11,29.8,7.54,0,953.8,19.44,443,0,100.0
16,13.4,23.18,0,389.37,22.19,80,0,91.15
14,25.5,31.88,0,933.92,16.16,443,0,100.0
7,18.55,28.4,0,541.44,4.05,443,0,89.74
14,35.75,40.21,0,719.02,2.42,443,0,84.95
22,15.13,22.37,0,903.83,8.48,443,0,91.72
15,49.95,29.87,0,1239.63,11.7,443,0,96.18
13,4.87,32.93,0,823.29,4.89,443,0,70.94
18,17.9,48.43,0,403.47,18.86,80,0,95.22
14,55.16,26.45,0,990.74,32.33,443,0,80.6
14,23.47,14.56,0,753.62,8.43,443,0,78.12
9,10.28,33.48,1,813.98,6.1,80,0,95.39
14,33.29,43.66,0,911.57,18.51,22,0,100.0
18,22.87,21.77,1,354.92,0.25,22,0,92.16
10,17.46,33.41,0,801.31,1.38,80,0,76.45
19,13.56,37.29,0,718.06,18.69,443,0,83.29
13,71.53,35.17,1,1044.37,13.17,22,0,85.82
10,26.23,26.26,0,945.42,5.38,80,1,91.96
17,1.12,18.02,1,474.6,21.97,8080,0,89.28
12,52.41,24.19,0,1052.53,4.33,443,0,94.95
17,39.17,29.59,1,889.91,10.05,22,0,100.0
12,18.5,34.08,0,490.55,10.06,443,0,93.45
13,16.0,28.34,0,811.15,2.04,443,0,98.98
15,40.1,21.2,0,1006.97,3.35,443,0,87.3
15,26.3,30.55,0,557.19,24.77,80,0,100.0
6,1.11,33.6,0,1075.52,2.03,443,0,95.53
9,56.81,28.8,0,497.47,1.91,8080,0,96.84
17,23.49,16.64,0,641.75,6.53,443,0,100.0
13,52.43,23.19,2,611.43,0.97,443,0,90.88
11,49.18,34.48,0,1075.39,22.5,443,0,83.54
8,14.98,11.17,0,701.8,1.06,443,0,100.0
9,45.5,4.07,0,567.44,9.59,443,0,100.0
5,20.23,40.08,0,889.04,4.15,443,0,91.54
13,2.0,30.11,0,932.24,16.31,443,0,100.0
11,23.63,31.07,0,933.51,8.91,443,0,89.17
10,35.96,14.23,0,745.73,4.92,443,0,99.32
13,23.06,32.38,0,850.91,41.27,80,0,100.0
15,25.39,27.75,0,669.95,0.69,443,0,90.98
22,47.15,9.16,0,1134.96,8.62,443,0,94.57
7,31.6,39.24,0,1028.84,45.63,443,0,100.0
18,17.35,26.59,0,1016.59,11.74,80,0,86.34
17,40.53,21.04,0,958.82,13.46,443,0,81.86
10,32.97,21.22,0,903.95,0.33,443,0,100.0
14,7.82,4.85,0,551.13,0.22,443,0,93.07
12,36.43,30.93,0,926.66,0.37,8080,0,84.94
14,35.88,27.62,0,822.85,47.94,443,0,90.94
20,30.3,23.06,0,1052.67,38.88,443,0,95.09
16,43.38,37.78,0,961.48,4.07,443,1,74.31
16,19.91,11.16,0,910.08,3.44,8080,0,97.16
12,35.05,19.03,0,463.16,1.58,443,0,94.08
8,6.5,16.5,1,782.2,3.99,443,0,100.0
13,36.11,22.21,0,688.42,4.62,443,0,87.81
18,59.3,25.67,1,850.47,13.79,8080,0,100.0
7,15.08,29.3,0,716.89,20.12,80,0,89.55
9,18.6,21.53,0,744.81,13.73,443,1,91.39
14,19.35,16.23,0,891.81,10.4,443,0,92.81
10,31.95,41.86,1,713.57,14.52,443,0,100.0
10,14.05,49.12,0,824.32,13.41,443,0,77.61
12,36.32,26.43,0,496.12,6.46,443,0,94.95
8,42.7,17.43,0,633.52,4.09,80,0,90.42
10,38.02,39.75,0,931.21,3.32,443,0,89.71
16,3.47,10.53,0,553.96,11.37,443,0,95.83
8,44.93,21.65,1,1049.15,32.02,22,0,100.0
7,44.06,18.04,0,994.88,8.7,443,0,95.32
11,42.45,13.4,0,746.35,24.36,80,1,100.0
16,35.59,22.2,0,1399.75,0.14,443,0,87.49
13,33.3,16.36,0,1048.62,15.82,22,0,89.51
12,45.49,25.13,0,610.14,19.21,80,0,79.99
14,58.85,25.27,0,949.23,9.97,80,0,100.0
7,15.7,18.79,0,813.17,27.19,443,0,88.13
15,46.17,21.29,0,644.66,8.91,443,0,87.03
15,28.71,22.69,1,586.02,2.75,22,0,96.07
12,28.05,33.1,0,998.98,2.43,443,1,100.0
18,6.95,23.52,0,680.41,8.12,80,0,83.08
9,25.73,33.25,2,779.62,23.7,443,0,100.0
18,15.04,30.86,0,615.79,0.75,443,0,86.97
14,23.04,30.72,0,650.37,9.27,443,0,100.0
12,13.53,38.88,0,774.61,14.69,443,0,84.59
13,23.27,13.81,0,877.64,1.23,8080,0,97.35
13,23.91,20.27,0,282.33,1.24,80,0,90.43
18,31.45,42.63,0,803.38,4.56,443,0,78.74
9,5.78,22.43,0,650.78,3.2,80,0,75.84
10,8.32,3.15,0,1080.47,2.21,443,0,82.57
18,35.43,22.97,1,1388.55,2.22,80,0,99.93
11,18.04,26.35,0,728.14,1.4,80,0,70.57
17,46.12,1.17,0,455.55,9.44,443,0,93.34
20,33.38,38.34,0,823.38,11.65,443,0,92.47
12,39.1,17.86,0,758.91,12.14,443,0,73.18
16,51.16,28.29,0,1194.27,7.6,8080,1,82.03
9,25.35,22.74,0,1133.32,30.56,443,0,82.01
17,21.38,12.12,0,973.07,21.25,80,0,90.53
14,43.08,14.29,0,682.66,31.61,80,0,100.0
15,37.64,15.65,0,935.55,4.92,443,0,100.0
11,27.19,35.86,0,853.0,21.02,80,0,86.4
7,50.87,23.52,0,848.26,14.39,443,1,81.71
16,26.82,19.78,0,488.35,4.15,443,0,74.42
5,30.49,15.65,0,1012.36,1.13,80,0,86.21
12,30.32,36.96,0,821.56,11.48,443,0,81.01
17,15.98,39.64,0,779.83,1.47,443,0,89.64
14,31.16,36.85,0,679.97,3.48,443,0,90.02
21,50.95,29.92,0,641.28,6.94,443,0,85.24
18,36.67,27.9,0,863.45,11.39,22,0,85.45
11,30.47,12.84,1,450.17,26.07,8080,0,83.06
14,27.57,22.54,1,957.9,9.0,443,0,84.88
13,34.96,18.16,0,589.18,11.13,443,0,100.0
7,41.25,6.74,0,388.26,3.71,80,0,95.18
10,39.14,35.57,0,1164.38,11.62,443,0,95.31
11,25.02,18.04,0,628.38,5.76,443,0,100.0
5,34.87,36.96,0,655.57,19.44,80,0,99.24
14,37.2,33.82,0,1026.91,4.98,80,0,100.0
13,14.89,30.57,1,1170.89,6.32,443,1,95.88
7,32.52,31.13,0,493.4,5.67,80,0,92.05
15,2.42,18.85,0,608.77,16.67,443,0,84.09
16,37.24,43.58,0,623.46,30.73,443,0,81.76
14,39.91,25.43,0,986.96,3.96,443,0,98.82
12,41.21,28.02,0,1127.83,6.44,443,0,88.89
16,24.07,18.51,0,583.95,12.24,443,0,76.4
16,34.64,15.69,0,1082.95,22.57,80,0,69.07
15,51.36,29.77,0,658.19,6.81,22,1,100.0
10,51.21,27.18,0,867.22,1.15,443,0,80.14
15,29.56,17.11,0,545.71,4.6,22,0,83.14
18,32.09,10.62,0,775.61,7.99,443,0,100.0
11,46.66,12.3,0,777.78,5.4,443,0,77.91
22,7.49,36.96,0,736.97,2.06,443,0,95.31
11,25.15,18.87,0,876.99,0.38,443,1,100.0
14,50.03,21.61,0,598.59,11.63,443,0,100.0
11,44.63,39.5,0,623.26,49.25,22,0,85.53
14,35.54,13.78,3,887.57,25.16,443,0,89.88
7,7.41,17.73,0,1068.41,11.5,443,0,86.04
11,29.25,17.31,0,795.44,18.42,80,0,89.82
9,21.15,41.18,0,900.73,2.95,443,0,100.0
14,34.97,44.93,2,951.62,9.74,443,0,76.01
17,17.86,32.52,0,966.1,0.63,443,0,96.48
16,14.61,32.83,0,609.3,12.28,443,1,88.05
4,0.97,19.2,0,644.6,35.02,80,0,100.0
22,48.33,44.47,0,661.99,19.72,443,0,100.0
15,24.0,27.68,0,1185.73,7.65,443,0,85.93
10,32.36,33.53,0,901.64,15.55,443,1,88.89
14,29.97,23.94,0,892.66,28.81,443,0,98.93
14,13.99,22.32,3,873.25,2.43,443,0,99.83
11,11.11,41.63,0,535.84,15.76,443,0,65.28
14,14.92,30.4,0,1187.64,3.15,443,0,98.9
11,19.15,39.51,0,895.84,20.95,443,0,100.0
12,35.5,27.55,0,944.63,1.04,443,0,92.56
11,18.06,16.52,0,446.9,1.96,22,0,99.5
8,56.2,19.17,0,955.93,12.75,8080,0,100.0
14,45.41,26.03,0,728.76,1.92,443,0,92.22
16,42.13,18.73,0,535.44,1.72,443,0,98.14
16,28.21,13.93,0,609.25,8.11,443,0,90.13
17,52.71,37.01,0,547.02,18.02,443,0,89.48
15,26.73,19.55,1,543.64,3.13,443,0,83.38
11,29.53,26.38,1,812.11,18.4,443,0,91.73
17,32.55,27.96,1,722.65,16.5,80,0,100.0
8,40.53,19.12,0,866.81,8.65,443,0,80.98
10,39.55,39.51,0,1135.2,10.4,8080,0,96.17
10,22.87,13.83,2,774.1,0.41,443,0,93.21
18,22.01,27.62,0,351.02,4.57,443,0,100.0
17,39.6,27.46,0,751.61,3.06,22,0,100.0
15,40.73,24.46,0,1038.68,1.63,443,1,80.76
18,24.1,12.03,0,782.81,4.94,22,0,84.26
10,6.19,33.71,0,1105.87,4.38,443,0,84.8
15,26.89,32.44,0,890.59,13.05,8080,0,85.16
13,39.35,18.24,0,432.35,9.12,8080,0,86.02
17,57.08,32.07,0,821.92,24.43,443,1,93.47
13,12.03,28.75,0,859.4,1.57,80,0,81.49
12,23.6,12.19,0,1016.07,0.62,443,0,82.89
16,24.16,16.46,0,1163.93,7.65,443,0,82.09
17,50.34,36.38,0,981.55,0.01,443,0,94.93
11,29.48,28.09,0,888.1,15.5,443,0,89.36
13,16.39,19.36,0,935.24,7.05,443,0,87.59
9,38.38,16.42,0,766.4,6.7,443,0,81.58
4,23.93,19.85,0,507.42,4.5,80,0,73.96
14,11.63,20.56,0,808.3,4.7,443,0,100.0
16,16.61,16.54,0,873.06,5.64,8080,0,87.11
15,56.01,7.58,0,559.27,0.16,443,0,100.0
6,35.76,36.4,0,1065.32,0.87,443,0,97.73
12,31.62,34.71,0,1001.08,7.03,80,1,100.0
5,26.25,12.27,0,525.65,1.63,80,0,99.93
19,34.38,26.36,0,1073.17,15.09,80,0,91.59
9,34.2,15.98,0,738.34,3.21,443,0,84.02
19,34.38,22.38,1,644.3,1.03,443,0,80.23
17,31.72,21.55,1,1015.86,2.68,443,0,100.0
10,43.03,20.72,0,789.79,4.42,443,0,92.65
9,30.35,45.03,0,1179.84,0.36,443,0,96.17
15,15.33,20.6,0,629.42,1.53,443,0,98.15
10,20.81,16.92,1,453.67,3.91,443,0,93.56
14,0.31,17.37,0,743.91,3.72,80,1,85.28
12,60.4,35.44,0,957.84,16.11,80,0,100.0
6,42.94,8.48,0,614.57,18.53,443,0,88.02
5,17.55,17.37,0,533.98,2.15,443,1,90.91
14,25.77,39.47,0,845.79,1.32,443,0,97.17
11,20.45,27.44,0,507.26,10.06,443,1,89.41
11,53.14,26.92,0,861.34,16.33,80,0,71.82
16,8.7,46.32,0,731.88,33.17,443,0,100.0
18,31.72,27.46,0,898.89,0.07,80,0,100.0
12,28.37,17.92,0,523.23,5.34,443,1,71.69
12,42.4,22.18,0,1059.63,13.24,22,0,79.57
16,28.44,13.65,0,763.39,17.64,443,0,100.0
8,3.63,37.56,1,952.7,0.64,80,0,92.32
14,26.23,30.75,0,991.98,11.41,443,1,90.04
16,15.42,36.24,0,568.51,3.41,443,0,85.74
16,31.19,37.13,0,976.45,0.78,443,0,79.69
6,51.51,20.86,0,514.99,6.72,443,0,88.06
10,3.91,15.55,0,525.97,1.72,443,0,99.74
10,18.0,24.48,0,1192.8,13.36,22,0,89.84
14,21.71,16.27,0,1022.37,13.52,443,0,96.1
15,24.28,26.65,0,1214.73,18.46,443,0,100.0
19,41.1,36.32,0,725.96,4.74,80,0,84.2
12,27.4,23.32,2,820.49,0.13,443,0,93.03
12,36.24,26.5,0,905.47,3.01,443,0,100.0
18,20.61,24.06,2,797.56,6.31,8080,0,80.67
15,33.45,33.03,0,650.77,11.84,443,0,91.78
19,41.67,18.32,0,620.78,4.81,443,0,100.0
15,19.02,3.04,0,842.77,7.68,80,0,86.6
9,41.72,29.71,0,586.63,7.43,443,0,100.0
8,30.79,34.88,0,581.03,1.8,80,0,88.59
7,45.68,29.46,0,878.71,9.76,443,0,100.0
16,26.98,18.6,0,780.97,5.78,443,0,73.55
18,35.72,13.65,0,987.44,16.5,443,1,90.65
21,29.39,29.94,1,715.02,11.73,8080,0,75.21
17,28.56,26.41,0,683.75,1.18,80,0,82.99
18,33.88,23.74,2,884.71,6.71,443,0,82.93
11,38.05,43.22,0,637.6,12.12,443,0,87.33
9,11.26,15.53,0,668.37,0.91,443,0,78.12
17,51.5,42.75,0,676.31,15.73,443,0,89.28
15,2.11,25.32,0,758.06,2.51,80,0,94.6
14,19.73,6.64,0,1154.49,6.99,8080,0,74.68
15,28.59,23.21,0,524.64,28.23,80,0,83.65
15,36.19,34.59,0,1059.1,8.47,443,0,100.0
19,53.64,21.35,0,947.56,5.52,443,0,93.29
19,2.13,10.25,0,1113.4,0.07,443,0,71.82
16,22.38,23.35,0,1427.34,1.43,443,0,76.0
17,1.9,16.43,0,1086.29,8.64,443,0,92.26
16,30.47,29.92,0,985.13,6.81,80,0,91.01
12,34.08,32.73,0,537.5,4.52,443,0,84.13
17,53.86,14.44,0,562.76,25.67,443,0,100.0
8,31.81,17.94,0,872.04,4.04,443,0,100.0
18,45.66,32.57,0,460.38,7.7,8080,0,87.36
9,38.76,16.41,0,923.09,8.41,80,0,98.73
15,23.47,14.18,0,373.02,7.5,443,0,99.23
10,8.87,13.21,0,1030.45,6.49,80,0,100.0
16,34.13,28.52,0,735.66,4.11,443,0,83.6
13,7.62,28.09,0,825.32,23.94,443,0,100.0
7,49.43,18.16,0,650.33,5.99,443,0,89.31
15,27.57,25.05,0,420.29,7.52,443,0,94.22
11,47.93,40.27,0,1046.94,10.69,443,0,90.02
17,22.8,15.26,0,1067.14,0.7,443,0,88.6
14,34.03,5.48,0,729.7,15.2,443,0,92.78
15,33.14,29.55,0,932.39,7.18,443,0,78.14
10,29.32,23.9,0,721.82,10.71,443,0,70.29
11,23.51,17.9,0,857.7,14.78,80,0,87.87
12,35.89,31.52,1,951.83,20.72,443,0,81.2
17,16.11,33.39,0,911.02,4.98,443,0,95.48
20,11.86,2.92,0,1068.19,16.68,443,0,94.34
10,48.64,18.47,0,903.78,3.0,443,0,90.13
18,40.91,48.18,0,805.62,10.8,443,0,100.0
5,30.99,30.83,0,647.72,1.08,443,0,89.94
9,54.98,31.76,0,704.3,0.2,443,0,75.42
10,25.98,36.73,0,962.01,1.01,80,0,87.76
8,49.84,25.17,0,499.63,3.85,443,0,100.0
7,32.63,32.97,1,1021.16,0.32,80,0,71.16
15,14.63,32.18,0,743.77,9.96,80,1,89.06
13,57.72,30.39,2,636.28,3.81,443,0,95.75
15,44.86,21.78,0,580.26,13.33,443,0,100.0
16,28.18,26.72,0,934.87,0.47,443,0,100.0
15,40.91,19.12,0,797.07,2.44,443,0,91.33
16,23.94,25.13,0,1117.75,5.24,443,1,95.21
13,42.44,13.32,0,547.38,4.82,443,0,71.02
9,5.87,17.09,0,684.37,1.4,443,0,79.5
18,14.7,22.18,1,781.56,51.39,443,0,96.51
11,44.69,15.56,0,649.63,3.35,443,0,91.61
10,26.26,19.95,0,801.22,12.77,443,0,92.89
13,33.11,23.36,0,863.9,2.48,443,0,90.34
10,9.8,29.02,0,896.9,21.03,80,0,89.95
12,57.72,34.49,2,1101.23,4.91,443,0,91.03
15,47.86,20.36,0,539.31,23.12,443,0,79.44
15,26.99,38.35,0,867.55,4.18,443,0,87.71
10,23.93,34.39,0,670.61,0.09,443,1,77.56
12,45.44,30.04,0,886.0,7.28,443,0,83.8
18,59.74,26.54,0,886.27,7.44,443,0,100.0
15,44.31,28.19,0,602.62,1.28,80,0,88.19
22,62.58,36.87,0,619.77,2.68,443,0,95.96
18,16.16,37.24,0,902.33,15.3,443,0,91.15
18,17.71,38.35,0,804.68,0.37,443,0,86.15
8,12.17,25.41,0,756.08,6.72,443,0,79.91
17,36.63,30.55,0,931.6,7.56,443,0,86.0
13,32.63,38.44,0,946.34,11.67,443,1,91.83
11,27.72,18.76,1,694.07,0.38,443,0,95.8
14,42.14,21.82,0,629.59,8.81,443,0,91.22
17,48.48,25.16,0,547.62,0.03,443,0,96.49
16,7.12,34.0,1,806.69,3.08,443,0,74.8
10,21.05,34.15,0,515.37,6.93,80,0,98.67
16,42.3,22.69,0,819.89,24.22,80,0,78.72
11,22.98,9.91,0,1043.37,1.35,443,0,99.84
14,18.03,27.46,0,729.31,1.85,443,1,95.02
12,45.28,15.82,0,692.76,11.06,443,1,71.3
13,10.66,10.1,0,1199.57,4.7,8080,1,97.37
17,25.48,12.36,0,1101.94,9.77,443,0,99.95
9,34.93,28.26,0,647.08,59.73,443,0,100.0
21,21.39,38.61,1,827.8,43.33,443,1,82.31
6,41.75,25.39,0,865.74,4.37,443,0,91.79
11,21.47,27.11,1,840.73,7.01,443,0,96.94
15,51.13,36.83,0,1162.93,23.51,443,0,97.36
16,28.11,9.56,0,817.45,0.97,443,0,94.1
13,40.07,30.2,0,847.45,6.02,8080,0,85.73
13,41.19,24.88,3,937.73,4.74,8080,0,99.88
15,20.59,30.66,0,1037.98,3.49,80,0,99.94
13,0.8,20.17,0,987.38,51.51,443,0,88.46
19,35.41,16.82,0,907.62,13.23,80,0,82.16
17,31.08,26.41,0,488.26,4.92,80,0,82.72
17,38.34,41.49,0,702.37,17.66,22,0,100.0
10,26.6,33.61,1,963.88,6.73,443,0,99.51
13,23.54,19.92,0,850.08,20.62,443,0,89.8
12,60.13,11.59,0,965.23,3.1,443,0,88.01
9,7.91,8.18,0,1177.43,2.53,22,0,72.32
15,41.01,38.16,1,564.61,2.84,443,0,89.16
11,21.38,15.45,2,1027.58,7.73,443,0,78.09
16,24.96,21.74,0,733.93,3.44,443,0,91.59
9,25.24,38.21,0,987.07,1.59,443,0,100.0
20,17.95,8.86,0,791.76,52.27,22,1,80.2
10,38.57,39.92,0,1225.4,23.07,443,0,92.39
14,50.86,22.46,0,826.02,10.08,443,0,99.98
17,37.05,13.51,0,671.9,22.21,8080,1,92.2
11,31.55,22.53,0,883.97,27.41,443,0,84.76
17,15.2,17.77,0,864.79,11.27,80,0,90.1
9,37.75,29.41,0,1027.62,7.31,443,0,99.57
19,62.35,18.52,0,889.61,21.37,443,0,92.63
14,24.29,5.88,0,1295.01,8.39,443,0,89.97
11,24.36,22.79,2,777.72,1.36,443,0,100.0
12,21.58,11.43,0,780.08,4.57,443,0,95.15
17,22.66,27.04,0,679.22,5.9,8080,0,77.97
11,11.18,13.13,1,817.13,27.39,443,0,96.31
11,36.08,20.12,0,846.21,10.76,443,0,99.5
13,17.32,26.83,0,856.24,20.82,80,0,77.63
9,5.85,22.88,1,813.44,14.17,443,0,67.31
21,41.3,27.5,0,678.04,3.71,443,0,79.58
11,13.77,31.8,0,623.67,12.68,443,0,88.98
17,24.92,13.42,0,724.97,2.17,443,0,100.0
14,52.0,24.36,0,1028.31,5.24,443,0,81.09
10,8.86,8.3,0,1071.36,16.4,22,1,95.55
13,7.01,27.47,2,784.61,9.47,443,0,61.08
17,34.04,21.99,0,611.68,17.45,443,0,91.8
13,47.24,15.17,1,783.77,2.94,443,0,85.93
18,6.38,28.16,1,1218.33,13.85,443,0,100.0
18,36.12,36.73,0,999.79,2.26,80,1,71.08
17,38.71,20.24,0,910.15,7.88,443,0,89.85
12,0.89,15.55,0,992.54,5.68,80,1,71.02
9,41.98,26.65,0,1108.11,8.13,443,0,84.5
11,43.15,11.64,0,569.43,1.46,443,0,72.99
14,25.32,18.4,3,721.59,4.48,80,1,100.0
16,48.79,37.22,0,694.26,10.99,443,0,86.44
5,47.05,25.62,0,917.42,8.18,443,0,87.89
13,31.55,6.21,0,832.02,7.96,80,0,89.57
14,23.23,7.03,0,951.26,7.15,443,0,78.68
12,15.41,26.62,0,698.62,28.8,443,0,100.0
19,29.44,33.62,1,1074.39,27.27,443,1,96.4
15,38.55,8.82,0,786.13,4.47,80,0,99.18
19,25.14,29.5,0,938.91,4.34,443,0,77.82
13,2.96,38.3,0,1039.08,8.09,22,0,100.0
17,49.03,43.88,0,1023.02,1.0,443,1,100.0
20,32.85,28.31,0,872.17,3.61,80,0,87.68
19,24.31,30.07,0,963.87,2.62,443,0,98.95
9,42.86,3.67,0,1148.33,2.53,443,0,92.73
12,52.87,46.0,0,902.72,10.18,443,0,74.06
12,12.03,19.25,0,654.07,4.85,443,0,88.17
15,36.51,15.67,0,916.61,1.88,443,0,85.18
16,8.6,22.45,0,792.54,21.85,443,0,90.85
10,37.49,40.12,0,330.4,20.73,80,0,100.0
14,31.92,47.08,0,892.4,19.84,443,0,73.59
5,39.54,26.25,0,823.33,4.96,8080,0,85.56
19,22.51,34.98,0,1031.28,0.59,443,0,81.78
11,1.9,25.43,0,649.98,1.13,443,0,82.21
14,23.24,14.62,0,498.86,3.23,80,0,81.77
12,36.1,39.77,0,833.74,2.48,22,0,90.68
18,45.23,18.78,1,876.04,20.71,443,0,95.23
2,12.42,40.36,0,818.77,42.95,443,0,93.48
13,45.41,37.99,0,804.14,16.96,443,1,91.86
13,20.28,31.14,0,586.25,13.09,443,0,96.22
12,35.44,43.29,0,772.22,8.88,80,0,100.0
20,22.35,47.32,0,730.32,14.69,443,0,91.36
10,32.73,23.25,0,1014.54,29.38,443,0,100.0
17,43.38,16.91,0,875.87,9.2,443,1,99.64
15,11.59,6.36,0,744.4,1.68,443,0,100.0
19,19.8,47.45,1,1144.78,1.79,443,0,95.61
11,32.77,20.6,0,746.22,8.77,80,0,81.56
11,66.02,36.35,0,911.56,4.06,443,0,93.05
18,17.05,17.59,0,766.62,24.11,443,0,92.51
15,60.6,40.38,0,1126.23,9.46,80,1,98.15
7,60.07,18.0,0,817.37,11.29,443,0,81.27
11,28.54,13.08,0,823.28,0.06,80,0,100.0
15,25.53,22.91,0,772.03,6.91,443,0,90.05
17,19.62,19.68,0,839.3,5.64,443,1,98.39
11,28.98,30.96,0,1039.91,12.24,443,1,93.1
2,8.9,24.49,0,969.17,4.82,22,1,91.23
16,28.86,31.28,0,805.62,37.54,8080,0,92.34
9,52.45,22.09,1,1140.27,11.09,443,0,96.72
5,20.83,18.35,0,974.6,10.79,443,0,100.0
2,26.39,19.16,0,712.36,25.18,443,0,69.83
17,4.48,45.45,0,523.93,53.4,443,0,95.4
14,35.61,27.25,0,717.0,2.2,80,0,90.44
13,33.97,5.16,0,882.67,16.64,443,0,88.23
19,30.96,19.8,0,919.44,1.77,443,0,66.37
16,26.75,25.97,1,1071.83,6.11,443,0,95.8
20,25.61,43.45,0,581.09,1.06,443,0,88.75
8,37.53,35.29,2,712.17,9.76,80,0,81.66
13,29.57,15.78,0,564.47,6.32,443,0,90.42
7,34.72,49.18,0,532.24,9.91,443,0,87.07
13,33.22,24.69,0,674.44,11.33,443,0,72.58
13,46.85,37.46,0,873.32,9.66,443,0,90.88
16,40.15,13.45,0,954.28,3.48,443,0,95.8
14,32.89,1.02,0,610.33,18.14,22,0,84.51
16,52.78,10.92,0,638.14,8.02,443,0,92.62
16,36.3,7.5,2,444.04,6.73,443,1,91.08
22,49.57,46.12,0,842.87,43.48,80,0,100.0
12,39.1,27.15,0,653.57,3.33,443,0,88.96
10,2.37,15.75,0,1132.61,7.51,443,1,98.01
14,49.57,29.53,0,881.96,11.47,443,0,86.87
10,32.03,26.89,0,765.71,1.34,443,0,100.0
19,29.22,31.21,0,671.78,4.37,443,1,85.63
12,34.22,37.1,0,501.07,16.18,443,0,83.15
11,24.83,22.1,0,526.43,2.7,443,0,89.0
12,33.41,16.2,0,675.57,6.8,443,1,82.72
16,21.12,33.28,0,660.22,9.96,443,0,77.51
13,49.11,33.02,0,600.17,11.12,443,0,97.28
11,28.3,26.01,0,875.42,13.03,443,0,59.37
20,24.26,46.78,0,902.85,20.1,8080,0,82.82
10,16.13,20.62,0,708.27,4.99,22,0,76.58
14,34.03,16.0,0,1187.03,12.26,443,1,91.42
16,32.81,29.18,0,450.65,13.17,80,0,68.11
7,35.83,18.25,0,811.63,3.57,443,0,95.48
15,14.59,29.96,0,756.28,34.47,80,0,96.56
9,5.98,16.67,2,689.86,20.04,443,0,73.67
17,39.38,21.0,0,660.47,3.42,443,0,91.91
10,52.27,43.91,0,798.61,11.24,80,0,95.16
16,14.6,20.94,0,754.89,12.65,80,0,99.4
18,53.84,17.01,0,721.62,5.65,443,0,75.31
17,34.26,36.71,0,540.26,19.93,80,0,73.9
15,29.89,14.49,0,476.38,11.72,443,0,100.0
13,24.04,18.07,0,742.3,10.73,443,0,81.78
11,9.23,30.77,0,719.58,2.5,443,0,84.73
19,44.82,34.38,0,760.59,5.24,443,0,96.33
11,18.37,37.2,2,778.28,5.69,80,0,78.31
9,18.3,17.53,0,695.5,13.23,8080,0,87.34
16,44.88,30.96,0,757.52,9.63,443,0,98.92
10,1.76,20.34,0,629.29,0.9,443,1,75.79
10,7.15,18.94,0,1104.79,3.68,80,0,85.0
8,29.73,37.03,0,640.05,6.41,443,0,78.73
12,34.4,19.5,0,725.8,13.35,443,0,82.26
13,37.27,27.78,2,655.24,13.61,443,0,100.0
14,25.47,26.56,3,651.88,6.74,443,0,100.0
17,67.96,14.29,0,804.93,1.24,80,0,92.58
16,26.58,34.66,0,779.55,3.47,443,0,95.32
13,26.54,30.6,0,708.11,2.94,443,0,95.05
13,18.05,5.14,0,743.3,15.19,80,0,83.28
16,31.86,27.77,0,656.04,1.98,443,0,92.38
19,39.22,17.27,0,880.35,6.25,443,0,77.05
14,48.05,35.97,0,1211.04,11.11,443,0,80.41
12,7.66,10.55,0,625.03,33.46,443,0,89.13
10,26.31,21.44,0,878.79,71.83,80,0,79.39
8,36.7,28.62,0,808.99,30.56,443,0,77.27
16,38.81,25.54,0,933.73,12.67,80,0,82.88
16,30.1,32.63,2,939.36,13.72,443,0,100.0
16,38.14,9.82,0,841.08,14.24,443,0,100.0
13,17.87,41.52,0,792.04,19.85,443,0,89.67
19,53.37,30.25,0,713.11,30.32,80,0,95.82
12,44.89,38.6,0,647.01,5.9,443,1,84.37
17,9.83,33.74,0,780.63,5.39,443,0,69.34
13,13.87,24.88,0,543.08,6.17,443,0,81.06
11,14.3,12.16,0,681.23,10.78,443,0,86.92
16,40.17,19.36,0,1021.37,14.94,443,0,91.41
15,10.73,40.9,1,819.7,20.44,443,0,88.99
15,25.03,38.85,0,978.53,6.09,80,0,87.18
14,36.82,18.8,1,1093.93,4.52,8080,0,84.25
13,29.01,3.18,1,764.59,40.96,443,0,93.44
23,33.88,22.87,0,841.47,2.64,443,0,76.36
18,14.01,22.12,2,739.63,2.51,443,0,98.02
16,38.92,22.5,0,637.48,12.57,443,0,84.14
14,20.8,30.29,0,609.41,1.98,443,0,100.0
18,25.13,33.76,0,968.63,5.1,443,0,86.85
16,33.57,34.9,3,841.73,3.46,80,0,85.2
14,31.55,29.46,0,1169.32,1.85,443,1,84.37
12,30.36,6.99,0,994.41,8.67,443,0,85.3
13,18.74,21.59,0,653.76,4.68,8080,0,96.07
1,25.51,48.04,1,968.07,6.2,8080,0,89.58
14,30.03,28.74,0,738.98,2.18,443,0,99.87
12,9.37,28.68,0,1043.37,14.6,443,1,94.64
20,23.06,28.59,0,702.73,3.78,443,1,90.31
14,35.82,29.15,0,589.51,4.2,443,0,93.73
9,10.84,1.17,0,640.85,2.91,22,1,100.0
13,47.35,22.6,0,651.07,5.7,80,0,96.57
9,49.04,24.62,0,631.95,6.23,80,0,92.81
15,11.32,37.81,0,685.48,7.54,443,0,94.23
15,50.36,25.48,0,971.34,34.29,443,0,78.47
17,27.85,8.53,0,1159.21,23.51,443,0,100.0
10,36.28,29.3,0,533.96,9.4,443,0,95.28
14,22.55,16.96,0,1052.7,0.4,443,0,96.28
8,43.85,12.83,0,704.46,9.47,443,1,89.71
16,36.09,16.66,0,869.58,0.94,443,0,67.02
16,17.79,30.43,0,469.17,12.39,443,0,87.35
15,12.52,37.59,0,904.81,4.94,443,0,90.76
14,8.1,29.83,0,398.94,18.18,443,0,81.77
15,32.82,31.32,0,862.79,28.56,443,0,81.68
20,38.59,29.73,0,851.45,5.4,443,0,86.61
12,39.76,26.01,0,838.2,6.17,443,0,97.72
14,28.23,31.97,1,653.02,8.92,22,0,100.0
9,12.65,0.81,0,909.91,2.2,443,0,91.71
10,19.77,26.11,0,878.22,26.22,80,1,84.33
14,47.29,14.55,0,758.01,5.67,22,0,86.38
18,22.73,36.63,0,934.37,1.83,443,0,91.0
12,32.15,23.53,0,780.88,14.39,443,0,92.18
13,13.87,25.31,0,905.76,2.47,443,0,94.35
12,35.05,9.95,0,774.82,1.55,443,0,85.61
11,23.13,35.17,0,843.34,8.28,443,0,95.29
15,45.7,31.27,0,914.94,11.13,80,0,94.5
8,41.6,30.57,0,720.42,8.43,443,1,86.05
19,22.56,16.87,0,553.23,10.69,8080,0,72.81
11,28.1,17.26,1,855.22,1.23,80,0,81.15
16,21.73,27.24,0,1037.88,6.46,443,0,100.0
8,8.71,18.06,0,859.83,4.42,443,0,73.06
16,17.14,29.35,0,863.63,36.26,443,0,100.0
16,32.97,3.39,1,791.56,0.51,443,0,72.71
15,34.88,20.12,0,947.82,3.54,443,0,82.27
10,32.23,42.97,0,762.81,28.45,80,0,86.25
14,25.47,29.39,0,709.22,41.04,443,1,100.0
9,44.0,26.67,0,1021.06,17.42,443,0,90.26
12,30.95,44.85,0,693.89,0.79,80,1,87.86
18,40.55,1.64,0,977.89,8.24,443,0,80.65
17,3.39,16.85,0,1021.19,5.11,443,0,95.22
14,28.84,20.99,0,913.36,16.42,443,0,84.87
10,34.26,33.58,0,550.15,0.57,443,0,87.71
16,8.63,33.76,3,805.43,2.2,80,0,86.42
14,26.81,16.34,0,759.6,6.72,22,0,97.2
4,25.47,34.98,0,700.8,1.72,443,0,97.62
17,53.81,20.97,0,828.55,11.8,443,0,81.1
13,36.0,37.12,0,953.84,17.19,443,0,83.73
18,32.49,14.67,0,708.29,12.19,80,0,82.74
9,42.55,23.77,0,765.72,5.8,443,0,91.83
1,35.53,20.1,0,751.79,21.07,443,0,99.07
15,23.13,35.56,0,1032.77,1.48,443,1,91.97
15,46.07,19.77,0,748.58,3.02,22,0,68.09
7,13.35,24.58,0,553.12,6.72,443,0,97.6
10,34.85,30.07,0,485.31,0.63,443,1,76.51
23,6.79,30.45,0,872.55,1.01,80,0,82.85
12,33.06,33.87,0,647.86,5.07,443,1,91.98
16,32.89,27.11,0,933.74,28.8,443,0,89.16
11,55.15,20.82,0,533.76,23.9,443,0,98.73
5,6.53,21.5,0,692.22,6.27,8080,0,83.89
13,20.99,25.26,0,533.89,1.53,443,0,80.33
12,42.34,27.5,0,886.92,1.96,443,0,86.88
12,35.03,23.53,0,929.77,4.74,443,0,99.77
13,32.7,25.19,0,867.73,2.36,80,0,96.3
15,15.66,9.83,0,582.81,0.87,443,0,90.87
13,21.14,31.67,0,650.85,11.2,443,0,100.0
8,48.68,26.81,2,846.86,8.71,443,0,100.0
15,29.23,35.02,0,462.45,3.44,443,0,97.88
6,35.63,25.0,0,751.77,15.09,80,0,78.22
5,28.27,7.62,0,1103.38,14.96,443,0,97.83
16,12.25,21.42,0,764.01,6.75,80,0,87.98
16,44.01,23.0,0,502.29,1.02,80,0,86.05
13,37.55,32.43,0,678.52,25.07,22,0,83.17
8,64.58,4.3,0,673.86,11.05,443,0,88.28
11,14.77,25.41,0,1228.06,2.84,443,0,83.74
12,42.34,30.14,0,1133.14,9.43,443,0,91.7
7,10.33,18.39,0,946.19,5.19,8080,0,88.27
11,32.36,25.75,0,731.38,10.09,80,0,92.21
16,44.65,18.73,0,1040.13,6.42,443,0,95.53
19,1.08,17.7,0,573.31,6.65,22,1,87.06
12,26.93,20.92,0,1015.32,13.31,80,0,82.63
17,21.55,17.89,0,985.59,9.51,22,0,69.94
6,19.47,31.84,0,769.73,0.83,443,0,97.71
16,35.78,17.65,0,1027.84,0.68,80,0,90.79
10,46.81,15.97,0,710.56,3.64,80,0,88.24
15,28.0,42.68,0,546.98,5.63,443,0,100.0
13,33.08,34.61,0,995.59,3.22,8080,1,77.11
19,31.71,6.38,0,782.95,10.54,443,0,90.56
10,30.03,17.35,0,920.36,2.17,443,0,80.36
16,13.66,27.42,0,1164.18,12.18,80,0,96.56
12,46.63,28.24,0,655.55,14.83,443,0,67.74
13,34.43,10.1,0,771.32,1.33,80,0,98.04
13,35.92,36.59,0,1113.93,10.52,443,0,97.63
10,17.9,33.25,0,933.75,32.55,443,0,80.77
13,23.11,29.82,0,660.04,2.14,443,0,90.66
13,27.36,38.57,0,609.0,24.0,443,0,80.98
14,6.99,29.52,1,694.38,9.32,80,0,94.28
14,4.68,29.49,0,652.32,8.94,443,0,98.2
17,20.99,40.58,0,847.47,0.53,443,0,79.95
17,37.84,36.01,0,815.69,13.8,443,0,77.03
9,20.2,16.58,0,855.85,6.51,80,1,100.0
17,14.72,31.33,0,631.84,12.77,443,0,100.0
9,17.78,18.36,0,785.83,16.56,80,0,94.94
16,23.17,30.04,0,388.86,7.42,443,0,95.68
16,24.69,29.77,0,829.0,3.06,443,0,86.68
6,62.48,11.17,0,1035.09,1.53,80,0,91.8
14,45.82,23.78,0,515.05,1.75,443,0,93.51
12,45.37,27.65,0,896.69,20.17,443,0,88.17
10,47.53,20.64,0,677.8,1.32,80,1,100.0
19,15.02,28.15,0,960.5,4.86,443,0,91.77
11,11.66,33.06,2,831.73,4.07,80,0,93.06
10,13.4,24.69,0,880.94,20.06,80,0,88.38
14,50.02,27.25,0,812.96,6.5,443,0,89.4
16,21.79,38.83,0,1065.67,56.4,443,0,100.0
13,11.23,29.73,0,869.48,13.36,443,0,91.46
18,23.54,27.01,0,658.92,19.03,22,0,91.69
16,26.42,15.42,0,819.74,1.04,8080,0,91.82
5,34.03,31.71,0,726.22,2.92,443,0,86.35
11,33.76,28.3,0,832.48,1.46,443,0,75.92
11,17.58,37.84,0,716.05,6.23,443,0,100.0
15,40.28,25.47,0,664.64,12.67,443,0,100.0
3,20.41,6.84,1,839.85,1.85,443,1,100.0
23,27.66,8.0,0,811.16,1.39,80,1,79.27
16,40.3,32.36,0,1012.79,9.53,22,0,100.0
14,20.37,19.3,0,717.01,2.62,8080,0,100.0
18,21.46,29.37,0,403.83,6.53,443,0,100.0
23,38.88,26.14,0,727.23,0.52,8080,0,100.0
17,17.13,23.33,0,474.71,11.41,80,0,97.98
17,24.23,24.04,0,883.13,7.79,443,0,81.53
14,38.34,16.35,0,465.22,10.42,443,0,95.08
13,60.81,24.84,0,602.33,3.22,80,0,79.8
12,39.08,19.16,0,727.53,3.27,8080,0,84.03
10,37.09,21.28,0,1108.79,16.16,443,0,93.16
11,37.96,21.76,0,585.42,12.68,443,0,91.82
8,13.9,22.73,3,802.48,8.67,443,0,94.63
13,31.73,34.22,0,916.0,9.89,8080,0,72.08
7,29.55,23.7,1,1096.81,0.99,8080,0,88.46
14,34.82,35.24,0,955.56,19.39,443,0,95.49
13,31.75,40.38,2,1018.78,14.69,443,0,97.48
14,35.7,33.55,0,972.86,8.93,22,0,98.14
11,25.33,30.34,0,558.18,25.08,80,1,92.51
23,30.88,28.27,0,871.94,1.85,8080,1,86.21
19,11.58,33.65,0,969.73,11.6,80,0,95.01
9,25.2,25.89,0,608.7,32.96,443,0,87.0
14,50.86,34.85,0,684.05,3.71,80,0,99.01
11,34.78,31.14,0,639.36,0.15,443,0,94.27
9,29.69,21.4,0,954.52,13.28,80,0,89.38
8,58.44,33.96,0,786.14,0.07,443,0,82.31
15,9.59,25.91,0,735.83,20.6,8080,0,100.0
11,13.36,23.94,0,543.67,0.58,8080,0,95.59
17,55.69,20.24,0,786.52,10.58,443,1,100.0
17,30.69,26.66,0,686.48,4.74,443,0,95.26
19,26.36,34.96,0,848.67,2.27,443,0,96.1
10,12.01,33.89,0,571.41,22.85,80,0,75.35
15,36.72,28.53,0,835.58,13.71,80,0,93.1
16,38.17,31.0,0,712.21,4.16,8080,0,86.83
12,13.58,37.72,0,550.14,3.34,443,1,98.26
10,27.9,23.5,0,534.54,13.32,443,0,93.35
20,24.97,13.85,0,564.6,18.11,443,0,99.85
14,33.84,38.01,0,758.72,12.58,443,1,100.0
16,13.21,19.7,0,824.2,10.22,443,0,82.02
10,48.78,18.1,0,853.96,2.59,22,0,99.47
9,43.74,7.04,0,861.51,19.16,443,0,96.84
11,24.55,30.71,0,648.3,13.85,80,0,100.0
13,26.75,8.79,0,1011.68,7.28,443,0,97.05
9,27.95,17.5,0,711.55,7.17,443,0,96.01
13,18.33,30.88,0,890.03,8.42,443,0,98.51
7,23.35,32.22,0,767.17,17.62,443,0,99.21
9,25.95,18.48,0,875.12,13.56,22,1,100.0
16,54.19,23.66,0,757.13,19.4,443,0,81.81
16,44.2,16.27,0,878.73,7.08,443,0,86.08
12,44.02,19.52,0,798.52,9.8,80,0,100.0
9,35.55,27.66,0,962.77,19.28,8080,0,70.41
9,13.24,19.98,0,636.26,2.64,443,0,89.15
12,29.38,22.56,0,446.02,5.87,443,0,91.5
16,44.56,10.35,0,605.33,9.69,443,0,88.23
17,11.13,36.33,0,1013.78,24.67,443,0,100.0
12,39.55,30.1,0,769.09,0.16,443,0,94.76
9,64.84,32.93,0,818.41,2.39,22,0,86.13
15,45.93,37.9,0,589.27,2.67,443,0,83.66
10,51.21,16.75,2,813.11,3.95,443,0,92.82
11,33.28,21.42,0,595.44,3.31,443,0,100.0
19,44.52,6.05,1,624.84,8.92,80,1,91.38
17,19.23,56.4,0,719.5,21.68,443,0,88.66
14,41.94,23.5,0,889.02,10.13,443,1,83.05
8,39.82,35.39,0,910.37,2.76,443,0,93.74
14,34.35,12.62,0,915.81,19.93,443,0,93.19
18,49.74,34.96,0,482.38,10.0,443,0,82.76
12,21.92,43.58,0,798.67,2.47,443,1,100.0
19,27.19,24.4,0,760.64,4.49,443,0,100.0
19,31.43,14.89,0,493.56,15.6,443,0,90.49
20,14.56,23.61,2,803.2,13.43,443,0,93.02
15,33.4,2.73,0,749.91,8.59,8080,0,78.95
16,4.22,24.62,0,902.31,1.56,443,0,97.37
19,45.7,33.21,0,816.25,16.26,80,0,94.64
15,30.7,24.64,0,690.14,3.68,443,0,86.74
11,22.19,22.16,0,985.15,14.77,80,0,82.57
12,17.48,30.28,0,355.75,10.43,443,0,100.0
14,26.48,31.04,0,787.15,3.07,443,0,93.83
8,40.32,8.4,0,447.35,2.39,80,0,80.82
13,38.22,25.89,0,617.56,1.4,80,0,98.56
18,19.42,49.36,0,904.96,2.77,8080,0,92.3
5,17.31,11.65,0,545.16,1.72,80,0,90.59
20,39.85,24.15,0,515.26,9.6,443,0,99.79
18,19.16,44.42,0,1276.39,9.13,443,0,63.87
12,30.9,36.04,0,528.14,8.82,443,0,71.93
16,31.86,19.87,0,1130.1,10.27,443,0,100.0
14,34.68,27.06,0,765.56,16.86,80,0,88.71
18,42.87,24.98,0,695.03,24.48,443,0,85.73
17,11.06,17.52,0,913.36,2.62,22,0,76.62
8,1.33,24.26,0,1067.32,8.86,443,0,91.94
16,21.49,22.2,0,570.79,0.82,443,0,93.17
13,57.02,26.13,0,697.95,1.28,443,0,100.0
14,60.33,17.52,0,969.37,10.62,443,1,93.72
11,57.47,12.23,0,857.6,6.67,80,0,86.97
20,27.11,24.59,0,1020.38,14.2,8080,0,94.06
18,3.27,42.15,0,903.02,5.55,443,1,100.0
11,5.15,25.82,0,1161.64,1.37,80,0,98.91
8,20.79,21.68,0,835.72,20.56,443,0,96.21
12,27.03,32.54,0,844.36,0.87,8080,0,92.75
15,49.51,23.42,0,864.34,2.09,443,0,84.19
14,43.02,43.68,0,771.5,3.24,443,0,79.67
19,33.41,24.96,2,969.62,53.56,443,1,78.09
17,16.65,32.0,0,847.41,5.39,443,0,93.94
17,15.59,17.45,0,957.64,6.97,443,0,94.98
15,33.81,30.03,0,988.9,14.68,443,0,100.0
8,40.46,27.75,0,885.69,10.12,443,0,95.62
13,35.88,24.43,0,900.34,18.42,443,0,100.0
18,14.48,19.98,0,597.93,6.66,80,1,88.69
13,39.76,18.62,0,689.93,35.82,80,0,97.71
16,36.39,27.82,1,968.68,15.94,80,0,79.99
12,13.94,31.29,0,1084.73,5.13,443,0,89.4
9,18.24,23.73,0,411.91,4.8,443,0,71.69
13,40.33,27.87,0,686.43,26.52,443,0,90.32
15,26.48,24.62,0,804.72,11.53,443,0,100.0
11,53.84,25.99,0,624.15,9.71,443,0,90.7
13,37.52,23.0,0,635.5,14.18,443,0,97.22
10,22.7,25.18,0,894.98,8.23,443,0,92.73
18,29.85,51.98,0,1116.28,1.73,443,0,84.3
12,30.95,28.12,0,393.64,3.85,443,0,88.13
19,19.07,31.45,0,765.9,8.16,8080,0,100.0
20,16.31,29.38,0,892.66,0.18,8080,0,97.17
13,40.52,22.37,0,956.04,5.75,443,1,83.82
9,42.68,37.94,0,863.83,14.1,443,0,76.13
5,39.06,22.09,0,1152.28,1.79,22,0,92.07
8,52.73,35.55,0,805.78,0.67,22,0,84.18
8,21.87,21.66,0,1062.4,18.08,80,1,88.23
19,55.11,15.4,0,670.73,9.6,443,0,75.46
14,16.49,28.65,0,811.6,1.94,443,0,100.0
15,14.81,13.95,0,557.46,16.41,443,0,89.03
5,3.6,30.36,0,980.17,10.73,80,1,90.55
9,23.31,13.06,2,775.91,4.07,80,0,81.67
17,22.44,21.81,0,871.56,4.72,443,0,87.23
15,37.89,10.68,0,737.33,1.69,443,0,91.22
13,33.66,53.24,0,917.29,18.03,443,0,83.87
16,12.11,8.46,0,879.49,7.11,80,0,87.84
20,24.11,25.1,0,601.07,8.14,80,0,100.0
13,24.43,36.43,0,612.65,21.5,443,0,72.5
14,3.36,35.36,2,794.45,0.16,443,0,91.85
14,15.29,33.51,0,931.91,0.69,443,0,82.15
23,18.44,21.83,0,1172.58,1.76,80,0,100.0
5,51.5,38.51,0,860.6,0.3,80,0,88.19
16,32.87,34.13,0,1001.51,10.73,443,0,79.53
13,39.93,27.12,0,477.43,10.05,443,0,87.84
16,7.52,27.41,0,1202.59,2.37,443,0,93.5
11,47.91,21.96,0,921.14,1.62,443,0,100.0
13,49.52,15.9,0,790.08,1.57,443,0,68.9
16,0.02,37.37,0,767.06,30.63,443,0,78.01
23,19.42,38.12,0,578.56,11.83,80,0,100.0
17,37.44,16.16,0,635.74,8.81,80,0,74.91
10,39.67,23.46,0,1182.09,3.89,443,0,90.1
